"image_id","class_id","class_name","source_id","source_group","collection_group","type","variation","status","qc_note","original_filename","original_path","dataset_path","sha256"
"Plant_001_SRC_001_ORG","Plant_001","Variegated_Dracaena","Plant_001_SRC_001","Plant_001_SRC_001","Plant_001_SITE_001","Original","None","Keep_Provisional","BOTANICAL_ID_PENDING_CONFIRMATION","WhatsApp Image 2026-09-21 at 5.50.17 PM (1).jpeg","Images_plants/WhatsApp Image 2026-09-21 at 5.50.17 PM (1).jpeg","Plant_Dataset/Plant_001_Variegated_Dracaena/original/Plant_001_SRC_001_ORG.jpeg","80EEF25865ED8C83DDCDD29F1CBBBDD67A6BD02B19AAE014BF923000CDA46056"
"Plant_001_SRC_002_ORG","Plant_001","Variegated_Dracaena","Plant_001_SRC_002","Plant_001_SRC_002","Plant_001_SITE_001","Original","None","Keep_Provisional","BOTANICAL_ID_PENDING_CONFIRMATION","WhatsApp Image 2026-09-21 at 5.50.18 PM.jpeg","Images_plants/WhatsApp Image 2026-09-21 at 5.50.18 PM.jpeg","Plant_Dataset/Plant_001_Variegated_Dracaena/original/Plant_001_SRC_002_ORG.jpeg","833B9F72A0DBB5CC7E2E948DCC1E3E857CF54FCB554938522D68F1BD66292E5D"
"Plant_001_SRC_003_ORG","Plant_001","Variegated_Dracaena","Plant_001_SRC_003","Plant_001_SRC_003","Plant_001_SITE_001","Original","None","Keep_Provisional","BOTANICAL_ID_PENDING_CONFIRMATION","WhatsApp Image 2026-09-21 at 5.51.07 PM.jpeg","Images_plants/WhatsApp Image 2026-09-21 at 5.51.07 PM.jpeg","Plant_Dataset/Plant_001_Variegated_Dracaena/original/Plant_001_SRC_003_ORG.jpeg","CEBF759A731A1DBFF3749C117742E00FD9CF08FB777D33FB5680EE50FAF1FDCD"
"Plant_002_SRC_001_ORG","Plant_002","Fern_Unidentified","Plant_002_SRC_001","Plant_002_SRC_001","Plant_002_SITE_001","Original","None","Review","TARGET_OBSCURED","WhatsApp Image 2026-09-21 at 5.50.17 PM.jpeg","Images_plants/WhatsApp Image 2026-09-21 at 5.50.17 PM.jpeg","Review_Only/Plant_002_Fern_Unidentified/original/Plant_002_SRC_001_ORG.jpeg","9BFB10F3DBCE140758158F564EA63EF9D3C832BA887E34922ECA9215551600AB"
"Plant_003_SRC_001_ORG","Plant_003","Variegated_Umbrella_Plant","Plant_003_SRC_001","Plant_003_SRC_001","Plant_003_SITE_001","Original","None","Keep_Provisional","BOTANICAL_ID_PENDING_CONFIRMATION","WhatsApp Image 2026-09-21 at 5.50.18 PM (1).jpeg","Images_plants/WhatsApp Image 2026-09-21 at 5.50.18 PM (1).jpeg","Plant_Dataset/Plant_003_Variegated_Umbrella_Plant/original/Plant_003_SRC_001_ORG.jpeg","2476A5F4BA9EC4A268E67C349974D1CA40C97FDBADDD700333CB3C1F9F883484"
"Plant_003_SRC_002_ORG","Plant_003","Variegated_Umbrella_Plant","Plant_003_SRC_002","Plant_003_SRC_002","Plant_003_SITE_001","Original","None","Keep_Provisional","BOTANICAL_ID_PENDING_CONFIRMATION","WhatsApp Image 2026-09-21 at 5.50.18 PM (2).jpeg","Images_plants/WhatsApp Image 2026-09-21 at 5.50.18 PM (2).jpeg","Plant_Dataset/Plant_003_Variegated_Umbrella_Plant/original/Plant_003_SRC_002_ORG.jpeg","0CAC1CDEDD87755C2FB71CFA435066071EF8C843367349806F7EF4E0887D2544"
"Plant_004_SRC_001_ORG","Plant_004","Purple_Cordyline","Plant_004_SRC_001","Plant_004_SRC_001","Plant_004_SITE_001","Original","None","Keep_Provisional","BOTANICAL_ID_PENDING_CONFIRMATION","WhatsApp Image 2026-09-21 at 5.50.19 PM (1).jpeg","Images_plants/WhatsApp Image 2026-09-21 at 5.50.19 PM (1).jpeg","Plant_Dataset/Plant_004_Purple_Cordyline/original/Plant_004_SRC_001_ORG.jpeg","227C039F489DE27E8C0CEABFC80523B8F447FFE06A0DD3A0C3BD3A6FEC05D2C7"
"Plant_004_SRC_002_ORG","Plant_004","Purple_Cordyline","Plant_004_SRC_002","Plant_004_SRC_002","Plant_004_SITE_001","Original","None","Keep_Provisional","BOTANICAL_ID_PENDING_CONFIRMATION","WhatsApp Image 2026-09-21 at 5.50.51 PM.jpeg","Images_plants/WhatsApp Image 2026-09-21 at 5.50.51 PM.jpeg","Plant_Dataset/Plant_004_Purple_Cordyline/original/Plant_004_SRC_002_ORG.jpeg","0B9BD7B11852440373C4207FFFCFA70D987914AF5F5993F89AF25442D9C1534A"
"Plant_005_SRC_001_ORG","Plant_005","Lobed_Leaf_Shrub_Unidentified","Plant_005_SRC_001","Plant_005_SRC_001","Plant_005_SITE_001","Original","None","Review","CLASS_MAY_CONTAIN_MULTIPLE_TAXA","WhatsApp Image 2026-09-21 at 5.50.19 PM.jpeg","Images_plants/WhatsApp Image 2026-09-21 at 5.50.19 PM.jpeg","Review_Only/Plant_005_Lobed_Leaf_Shrub_Unidentified/original/Plant_005_SRC_001_ORG.jpeg","2009B2D9531F5A908A05ED32795CC50D253B828CEAA318A8B44C30BB831E8D68"
"Plant_005_SRC_002_ORG","Plant_005","Lobed_Leaf_Shrub_Unidentified","Plant_005_SRC_002","Plant_005_SRC_002","Plant_005_SITE_001","Original","None","Review","CLASS_MAY_CONTAIN_MULTIPLE_TAXA","WhatsApp Image 2026-09-21 at 5.50.52 PM.jpeg","Images_plants/WhatsApp Image 2026-09-21 at 5.50.52 PM.jpeg","Review_Only/Plant_005_Lobed_Leaf_Shrub_Unidentified/original/Plant_005_SRC_002_ORG.jpeg","B245E741A44BC6F13BA50F3273DF8E9EB8B44A4C2889E380F41E87AC3E1D1D58"
"Plant_005_SRC_003_ORG","Plant_005","Lobed_Leaf_Shrub_Unidentified","Plant_005_SRC_003","Plant_005_SRC_003","Plant_005_SITE_001","Original","None","Review","CLASS_MAY_CONTAIN_MULTIPLE_TAXA","WhatsApp Image 2026-09-21 at 5.50.56 PM.jpeg","Images_plants/WhatsApp Image 2026-09-21 at 5.50.56 PM.jpeg","Review_Only/Plant_005_Lobed_Leaf_Shrub_Unidentified/original/Plant_005_SRC_003_ORG.jpeg","D61DDA3BF472FEA223C8821E6A1325AA4C165450571129B5BB240FBCF284B31D"
"Plant_006_SRC_001_ORG","Plant_006","White_Flowering_Shrub_Unidentified","Plant_006_SRC_001","Plant_006_SRC_001","Plant_006_SITE_001","Original","None","Keep_Provisional","BOTANICAL_ID_PENDING_CONFIRMATION","WhatsApp Image 2026-09-21 at 5.51.09 PM.jpeg","Images_plants/WhatsApp Image 2026-09-21 at 5.51.09 PM.jpeg","Plant_Dataset/Plant_006_White_Flowering_Shrub_Unidentified/original/Plant_006_SRC_001_ORG.jpeg","A14BA591159CC1FB1377A7736033D008271356A646E64260EBB80D959A7F7EF7"
"Plant_006_SRC_002_ORG","Plant_006","White_Flowering_Shrub_Unidentified","Plant_006_SRC_002","Plant_006_SRC_002","Plant_006_SITE_001","Original","None","Keep_Provisional","BOTANICAL_ID_PENDING_CONFIRMATION","WhatsApp Image 2026-09-21 at 5.51.10 PM (1).jpeg","Images_plants/WhatsApp Image 2026-09-21 at 5.51.10 PM (1).jpeg","Plant_Dataset/Plant_006_White_Flowering_Shrub_Unidentified/original/Plant_006_SRC_002_ORG.jpeg","D05DE6FEEA549AE417311B9C3227F59111502244420302CA7290BD823BC6A1E0"
"Plant_006_SRC_003_ORG","Plant_006","White_Flowering_Shrub_Unidentified","Plant_006_SRC_003","Plant_006_SRC_003","Plant_006_SITE_001","Original","None","Keep_Provisional","BOTANICAL_ID_PENDING_CONFIRMATION","WhatsApp Image 2026-09-21 at 5.51.10 PM.jpeg","Images_plants/WhatsApp Image 2026-09-21 at 5.51.10 PM.jpeg","Plant_Dataset/Plant_006_White_Flowering_Shrub_Unidentified/original/Plant_006_SRC_003_ORG.jpeg","F0E8746A66E801F95DD6B6D42665A45D1CC4FDAD000DDCB2CBD87CBD5E888E7D"
"Plant_006_SRC_004_ORG","Plant_006","White_Flowering_Shrub_Unidentified","Plant_006_SRC_004","Plant_006_SRC_004","Plant_006_SITE_001","Original","None","Keep_Provisional","BOTANICAL_ID_PENDING_CONFIRMATION","WhatsApp Image 2026-09-21 at 5.51.12 PM (1).jpeg","Images_plants/WhatsApp Image 2026-09-21 at 5.51.12 PM (1).jpeg","Plant_Dataset/Plant_006_White_Flowering_Shrub_Unidentified/original/Plant_006_SRC_004_ORG.jpeg","B9FC615BC2250DCA2901866FF486BCD7A3ACA8105FF9FBC0F8557061EAF82CBC"
"Plant_006_SRC_005_ORG","Plant_006","White_Flowering_Shrub_Unidentified","Plant_006_SRC_005","Plant_006_SRC_005","Plant_006_SITE_001","Original","None","Keep_Provisional","BOTANICAL_ID_PENDING_CONFIRMATION","WhatsApp Image 2026-09-21 at 5.51.18 PM (2).jpeg","Images_plants/WhatsApp Image 2026-09-21 at 5.51.18 PM (2).jpeg","Plant_Dataset/Plant_006_White_Flowering_Shrub_Unidentified/original/Plant_006_SRC_005_ORG.jpeg","B90242A85DB32053F151F450B58E72388D84960FECBFA0F696EBACEA4C1984E3"
"Plant_007_SRC_001_ORG","Plant_007","Mimusops_elengi","Plant_007_SRC_001","Plant_007_SRC_001","Plant_007_SITE_001","Original","None","Keep_Provisional","VISIBLE_SIGN_IN_ORIGINALS_CHECK_AND_CROP","WhatsApp Image 2026-09-21 at 5.51.12 PM (2).jpeg","Images_plants/WhatsApp Image 2026-09-21 at 5.51.12 PM (2).jpeg","Plant_Dataset/Plant_007_Mimusops_elengi/original/Plant_007_SRC_001_ORG.jpeg","845FDD91F2E46DFEE69DACC454AD48F884E557161FD3F15A389C20F214E35C8F"
"Plant_007_SRC_002_ORG","Plant_007","Mimusops_elengi","Plant_007_SRC_002","Plant_007_SRC_002","Plant_007_SITE_001","Original","None","Keep_Provisional","VISIBLE_SIGN_IN_ORIGINALS_CHECK_AND_CROP","WhatsApp Image 2026-09-21 at 5.51.12 PM.jpeg","Images_plants/WhatsApp Image 2026-09-21 at 5.51.12 PM.jpeg","Plant_Dataset/Plant_007_Mimusops_elengi/original/Plant_007_SRC_002_ORG.jpeg","71D6628C350E62C0819B9EC670839558D8F8E1CB38BBA77F6C00C72AEE53C72C"
"Plant_007_SRC_003_ORG","Plant_007","Mimusops_elengi","Plant_007_SRC_003","Plant_007_SRC_003","Plant_007_SITE_001","Original","None","Keep_Provisional","VISIBLE_SIGN_IN_ORIGINALS_CHECK_AND_CROP","WhatsApp Image 2026-09-21 at 5.51.13 PM (1).jpeg","Images_plants/WhatsApp Image 2026-09-21 at 5.51.13 PM (1).jpeg","Plant_Dataset/Plant_007_Mimusops_elengi/original/Plant_007_SRC_003_ORG.jpeg","F7A977C7AADF23D39CBD1F27826C4AC92B3F307D31E87A2A7E6CC34D2BDC5993"
"Plant_007_SRC_004_ORG","Plant_007","Mimusops_elengi","Plant_007_SRC_004","Plant_007_SRC_004","Plant_007_SITE_001","Original","None","Keep_Provisional","VISIBLE_SIGN_IN_ORIGINALS_CHECK_AND_CROP","WhatsApp Image 2026-09-21 at 5.51.13 PM.jpeg","Images_plants/WhatsApp Image 2026-09-21 at 5.51.13 PM.jpeg","Plant_Dataset/Plant_007_Mimusops_elengi/original/Plant_007_SRC_004_ORG.jpeg","2E57B90EE45809DEA4EE064641AE224EAD16AB3E328CACAA5AF9265F48D45510"
"Plant_007_SRC_005_ORG","Plant_007","Mimusops_elengi","Plant_007_SRC_005","Plant_007_SRC_005","Plant_007_SITE_001","Original","None","Keep_Provisional","VISIBLE_SIGN_IN_ORIGINALS_CHECK_AND_CROP","WhatsApp Image 2026-09-21 at 5.51.14 PM (1).jpeg","Images_plants/WhatsApp Image 2026-09-21 at 5.51.14 PM (1).jpeg","Plant_Dataset/Plant_007_Mimusops_elengi/original/Plant_007_SRC_005_ORG.jpeg","51B357E5717833351C1C016EC9A566A32E0DA2518FECEDF00034CECEBF6BBBFD"
"Plant_007_SRC_006_ORG","Plant_007","Mimusops_elengi","Plant_007_SRC_006","Plant_007_SRC_006","Plant_007_SITE_001","Original","None","Keep_Provisional","VISIBLE_SIGN_IN_ORIGINALS_CHECK_AND_CROP","WhatsApp Image 2026-09-21 at 5.51.16 PM.jpeg","Images_plants/WhatsApp Image 2026-09-21 at 5.51.16 PM.jpeg","Plant_Dataset/Plant_007_Mimusops_elengi/original/Plant_007_SRC_006_ORG.jpeg","5F8C7F88495DDD8606A6D8D5255C70FF697E4844647FA0114F105ABFBD3D5758"
"Plant_007_SRC_007_ORG","Plant_007","Mimusops_elengi","Plant_007_SRC_007","Plant_007_SRC_007","Plant_007_SITE_001","Original","None","Keep_Provisional","VISIBLE_SIGN_IN_ORIGINALS_CHECK_AND_CROP","WhatsApp Image 2026-09-21 at 5.51.18 PM (1).jpeg","Images_plants/WhatsApp Image 2026-09-21 at 5.51.18 PM (1).jpeg","Plant_Dataset/Plant_007_Mimusops_elengi/original/Plant_007_SRC_007_ORG.jpeg","561B53A99E85D6A02D07715DBD2CA4975CFFD643A1F7493D9024FAA7D1C18A95"
"Plant_008_SRC_001_ORG","Plant_008","Mangifera_indica","Plant_008_SRC_001","Plant_008_SRC_001","Plant_008_SITE_001","Original","None","Keep_Provisional","VISIBLE_SIGN_IN_ORIGINALS_CHECK_AND_CROP","WhatsApp Image 2026-09-21 at 5.51.14 PM.jpeg","Images_plants/WhatsApp Image 2026-09-21 at 5.51.14 PM.jpeg","Plant_Dataset/Plant_008_Mangifera_indica/original/Plant_008_SRC_001_ORG.jpeg","2DC279A8C21A182D3B9EEEB0E66FB95DB07501CDE96E13DE138EA2362603BB47"
"Plant_008_SRC_002_ORG","Plant_008","Mangifera_indica","Plant_008_SRC_002","Plant_008_SRC_002","Plant_008_SITE_001","Original","None","Keep_Provisional","VISIBLE_SIGN_IN_ORIGINALS_CHECK_AND_CROP","WhatsApp Image 2026-09-21 at 5.51.15 PM (1).jpeg","Images_plants/WhatsApp Image 2026-09-21 at 5.51.15 PM (1).jpeg","Plant_Dataset/Plant_008_Mangifera_indica/original/Plant_008_SRC_002_ORG.jpeg","D9CBCF701ACE1FEE8E183551AA0CCB1FA5D489C41ED4B2C6BF7D4F397D41A903"
"Plant_008_SRC_003_ORG","Plant_008","Mangifera_indica","Plant_008_SRC_003","Plant_008_SRC_003","Plant_008_SITE_001","Original","None","Keep_Provisional","VISIBLE_SIGN_IN_ORIGINALS_CHECK_AND_CROP","WhatsApp Image 2026-09-21 at 5.51.17 PM.jpeg","Images_plants/WhatsApp Image 2026-09-21 at 5.51.17 PM.jpeg","Plant_Dataset/Plant_008_Mangifera_indica/original/Plant_008_SRC_003_ORG.jpeg","A532D2BAD9C640D62CEC49ABD85E61EEFFD19E6B593217E58810054E34BB8C29"
"Plant_009_SRC_001_ORG","Plant_009","Dragon_Tree_Dracaena_sp","Plant_009_SRC_001","Plant_009_SRC_001","Plant_009_SITE_001","Original","None","Keep_Provisional","BOTANICAL_ID_PENDING_CONFIRMATION","WhatsApp Image 2026-09-21 at 5.51.15 PM.jpeg","Images_plants/WhatsApp Image 2026-09-21 at 5.51.15 PM.jpeg","Plant_Dataset/Plant_009_Dragon_Tree_Dracaena_sp/original/Plant_009_SRC_001_ORG.jpeg","ED9DDA5B8219CCAA90D43D82D54467896B551C702E5F2C1492442332114C8817"
"Plant_009_SRC_002_ORG","Plant_009","Dragon_Tree_Dracaena_sp","Plant_009_SRC_002","Plant_009_SRC_002","Plant_009_SITE_001","Original","None","Keep_Provisional","BOTANICAL_ID_PENDING_CONFIRMATION","WhatsApp Image 2026-09-21 at 5.51.18 PM.jpeg","Images_plants/WhatsApp Image 2026-09-21 at 5.51.18 PM.jpeg","Plant_Dataset/Plant_009_Dragon_Tree_Dracaena_sp/original/Plant_009_SRC_002_ORG.jpeg","33CF9027B4B864DCFF38833269B18836BC786908F414D4274DFB627FD48B86C8"
"Plant_001_SRC_001_AUG_001","Plant_001","Variegated_Dracaena","Plant_001_SRC_001","Plant_001_SRC_001","Plant_001_SITE_001","Synthetic","VIEWPOINT_SCALE","Keep_Provisional","BOTANICAL_ID_PENDING_CONFIRMATION","","","Plant_Dataset/Plant_001_Variegated_Dracaena/generated/Plant_001_SRC_001_AUG_001.png","02E50CE26AF6757456FA2534B5AB07516A445B1FE5677700234C5122E56CA67D"
"Plant_001_SRC_001_AUG_002","Plant_001","Variegated_Dracaena","Plant_001_SRC_001","Plant_001_SRC_001","Plant_001_SITE_001","Synthetic","BACKGROUND_SCALE","Keep_Provisional","BOTANICAL_ID_PENDING_CONFIRMATION","","","Plant_Dataset/Plant_001_Variegated_Dracaena/generated/Plant_001_SRC_001_AUG_002.png","7A633EC520C684DFD6AE21363523BEB5E8EEC619802B9C17C54766776F08F8C4"
"Plant_001_SRC_002_AUG_001","Plant_001","Variegated_Dracaena","Plant_001_SRC_002","Plant_001_SRC_002","Plant_001_SITE_001","Synthetic","VIEWPOINT_CROP","Keep_Provisional","BOTANICAL_ID_PENDING_CONFIRMATION","","","Plant_Dataset/Plant_001_Variegated_Dracaena/generated/Plant_001_SRC_002_AUG_001.png","D1AFCFD1C3727FA5EA750A6561A8E93EABB1C01F55E25CDDDC03EAE4BBE9AA11"
"Plant_001_SRC_002_AUG_002","Plant_001","Variegated_Dracaena","Plant_001_SRC_002","Plant_001_SRC_002","Plant_001_SITE_001","Synthetic","COMPOSITION_BACKGROUND","Keep_Provisional","BOTANICAL_ID_PENDING_CONFIRMATION","","","Plant_Dataset/Plant_001_Variegated_Dracaena/generated/Plant_001_SRC_002_AUG_002.png","70FF2110F076262DDFA6AC89DDE35C4B0CC5173667FC1902E51F9B8CD059F5C2"
"Plant_001_SRC_001_AUG_003","Plant_001","Variegated_Dracaena","Plant_001_SRC_001","Plant_001_SRC_001","Plant_001_SITE_001","Synthetic","VIEWPOINT_LIGHTING","Keep_Provisional","BOTANICAL_ID_PENDING_CONFIRMATION","","","Plant_Dataset/Plant_001_Variegated_Dracaena/generated/Plant_001_SRC_001_AUG_003.png","B2AE29C30E4EA1F6981313F3FE1E7B7F7BC685BB6FD9E63B9C0B38B18E8C6878"
"Plant_001_SRC_002_AUG_003","Plant_001","Variegated_Dracaena","Plant_001_SRC_002","Plant_001_SRC_002","Plant_001_SITE_001","Synthetic","SCALE_LIGHTING","Keep_Provisional","BOTANICAL_ID_PENDING_CONFIRMATION","","","Plant_Dataset/Plant_001_Variegated_Dracaena/generated/Plant_001_SRC_002_AUG_003.png","2159783178BF109DBFE4A6C0001FFFAD1C3CDF544D7CA6F0AF98ACC1AE8DC644"
"Plant_001_SRC_001_AUG_004","Plant_001","Variegated_Dracaena","Plant_001_SRC_001","Plant_001_SRC_001","Plant_001_SITE_001","Synthetic","CROP_SCALE","Keep_Provisional","BOTANICAL_ID_PENDING_CONFIRMATION","","","Plant_Dataset/Plant_001_Variegated_Dracaena/generated/Plant_001_SRC_001_AUG_004.png","05A841D2A2A3CEB49154E77F9F439093AF4822897BED0475B21A21A641658DE5"
"Plant_003_SRC_001_AUG_001","Plant_003","Variegated_Umbrella_Plant","Plant_003_SRC_001","Plant_003_SRC_001","Plant_003_SITE_001","Synthetic","SCALE_BACKGROUND","Keep_Provisional","BOTANICAL_ID_PENDING_CONFIRMATION","","","Plant_Dataset/Plant_003_Variegated_Umbrella_Plant/generated/Plant_003_SRC_001_AUG_001.png","21BF2CE1FCDC90F5BC99D53DB5168A51A441F5BD95D7D6C041B6106C1504DF6A"
"Plant_003_SRC_002_AUG_001","Plant_003","Variegated_Umbrella_Plant","Plant_003_SRC_002","Plant_003_SRC_002","Plant_003_SITE_001","Synthetic","VIEWPOINT_CROP","Keep_Provisional","BOTANICAL_ID_PENDING_CONFIRMATION","","","Plant_Dataset/Plant_003_Variegated_Umbrella_Plant/generated/Plant_003_SRC_002_AUG_001.png","659697A0547F10EDC44B4650883A9FAE390462E7C9CCAFE377B8098473D9CEC2"
"Plant_003_SRC_001_AUG_002","Plant_003","Variegated_Umbrella_Plant","Plant_003_SRC_001","Plant_003_SRC_001","Plant_003_SITE_001","Synthetic","COMPOSITION_BACKGROUND","Keep_Provisional","BOTANICAL_ID_PENDING_CONFIRMATION","","","Plant_Dataset/Plant_003_Variegated_Umbrella_Plant/generated/Plant_003_SRC_001_AUG_002.png","B93FD0616F5D39EE5E6D72D358FC98ABD5262D6A3E3943057E7B7FE8F31ED32A"
"Plant_003_SRC_002_AUG_002","Plant_003","Variegated_Umbrella_Plant","Plant_003_SRC_002","Plant_003_SRC_002","Plant_003_SITE_001","Synthetic","BACKGROUND_SCALE","Keep_Provisional","BOTANICAL_ID_PENDING_CONFIRMATION","","","Plant_Dataset/Plant_003_Variegated_Umbrella_Plant/generated/Plant_003_SRC_002_AUG_002.png","57BEF60C0E72001C7BC3E9DB453A75D590F591BEEB694CFF2ECC154BA4EE24A8"
"Plant_003_SRC_001_AUG_003","Plant_003","Variegated_Umbrella_Plant","Plant_003_SRC_001","Plant_003_SRC_001","Plant_003_SITE_001","Synthetic","VIEWPOINT_CROP","Keep_Provisional","BOTANICAL_ID_PENDING_CONFIRMATION","","","Plant_Dataset/Plant_003_Variegated_Umbrella_Plant/generated/Plant_003_SRC_001_AUG_003.png","66492C59D5097B0C37B9ED4F80E279538ADBF307585E33061D8D69986642E0C0"
"Plant_003_SRC_002_AUG_003","Plant_003","Variegated_Umbrella_Plant","Plant_003_SRC_002","Plant_003_SRC_002","Plant_003_SITE_001","Synthetic","NEAR_DUPLICATE","Rejected","NEAR_DUPLICATE","","","QC_Rejected/Plant_003_SRC_002_AUG_003.png","EC2C571E0B09737494C997D161EDF6EBD4E9E356E920D7C655D162DDFCF08467"
"Plant_003_SRC_001_AUG_004","Plant_003","Variegated_Umbrella_Plant","Plant_003_SRC_001","Plant_003_SRC_001","Plant_003_SITE_001","Synthetic","COMPOSITION_LIGHTING","Keep_Provisional","BOTANICAL_ID_PENDING_CONFIRMATION","","","Plant_Dataset/Plant_003_Variegated_Umbrella_Plant/generated/Plant_003_SRC_001_AUG_004.png","E2D95EEC35FA00DBEBA382D278EB52BC96C8731B03F9A2418DF4BF8FB619733F"
"Plant_003_SRC_002_AUG_004","Plant_003","Variegated_Umbrella_Plant","Plant_003_SRC_002","Plant_003_SRC_002","Plant_003_SITE_001","Synthetic","CROP_VIEWPOINT","Keep_Provisional","BOTANICAL_ID_PENDING_CONFIRMATION","","","Plant_Dataset/Plant_003_Variegated_Umbrella_Plant/generated/Plant_003_SRC_002_AUG_004.png","0AB448C4FFA9BAB2F89780D7E020D6233446C389DB091A50C65ED9E7B84EC87F"
"Plant_003_SRC_001_AUG_005","Plant_003","Variegated_Umbrella_Plant","Plant_003_SRC_001","Plant_003_SRC_001","Plant_003_SITE_001","Synthetic","BACKGROUND_CROP","Keep_Provisional","BOTANICAL_ID_PENDING_CONFIRMATION","","","Plant_Dataset/Plant_003_Variegated_Umbrella_Plant/generated/Plant_003_SRC_001_AUG_005.png","36DCA35F50778FF9029731AD9D0F57A5D5AA67E69DA936F1141223DEA3E407C3"
"Plant_004_SRC_001_AUG_001","Plant_004","Purple_Cordyline","Plant_004_SRC_001","Plant_004_SRC_001","Plant_004_SITE_001","Synthetic","SCALE_COMPOSITION","Keep_Provisional","BOTANICAL_ID_PENDING_CONFIRMATION","","","Plant_Dataset/Plant_004_Purple_Cordyline/generated/Plant_004_SRC_001_AUG_001.png","6ADF5AE45A783523A3D450BB58D5362DB7726BDA8F7A3CFE9067D0C16CB84C2F"
"Plant_004_SRC_002_AUG_001","Plant_004","Purple_Cordyline","Plant_004_SRC_002","Plant_004_SRC_002","Plant_004_SITE_001","Synthetic","VIEWPOINT_CROP","Keep_Provisional","BOTANICAL_ID_PENDING_CONFIRMATION","","","Plant_Dataset/Plant_004_Purple_Cordyline/generated/Plant_004_SRC_002_AUG_001.png","D7DBB73CF530AB274B15D44D5281DFD16D5B6DE000A38FB9E95AFB586FDF1EC1"
"Plant_004_SRC_001_AUG_002","Plant_004","Purple_Cordyline","Plant_004_SRC_001","Plant_004_SRC_001","Plant_004_SITE_001","Synthetic","BACKGROUND_COMPOSITION","Keep_Provisional","BOTANICAL_ID_PENDING_CONFIRMATION","","","Plant_Dataset/Plant_004_Purple_Cordyline/generated/Plant_004_SRC_001_AUG_002.png","C557B484329DF3E740D4230D6C9973B382A06A1021B43B6928F7428839110F60"
"Plant_004_SRC_002_AUG_002","Plant_004","Purple_Cordyline","Plant_004_SRC_002","Plant_004_SRC_002","Plant_004_SITE_001","Synthetic","CROP_LIGHTING","Keep_Provisional","BOTANICAL_ID_PENDING_CONFIRMATION","","","Plant_Dataset/Plant_004_Purple_Cordyline/generated/Plant_004_SRC_002_AUG_002.png","92992474D859517509C5D799D41BAE0C020FD596CD84397547C63E779FC0EED4"
"Plant_004_SRC_002_AUG_003","Plant_004","Purple_Cordyline","Plant_004_SRC_002","Plant_004_SRC_002","Plant_004_SITE_001","Synthetic","BACKGROUND_VIEWPOINT","Keep_Provisional","BOTANICAL_ID_PENDING_CONFIRMATION","","","Plant_Dataset/Plant_004_Purple_Cordyline/generated/Plant_004_SRC_002_AUG_003.png","C0D4F9166892C520B0B99BF476559FC707D4C3C65840394F0E880ADA3E758445"
"Plant_004_SRC_001_AUG_003","Plant_004","Purple_Cordyline","Plant_004_SRC_001","Plant_004_SRC_001","Plant_004_SITE_001","Synthetic","BACKGROUND_SCALE","Keep_Provisional","BOTANICAL_ID_PENDING_CONFIRMATION","","","Plant_Dataset/Plant_004_Purple_Cordyline/generated/Plant_004_SRC_001_AUG_003.png","8228B5E6C02993DAEB2053DE1024EE3A847CDC19F081011EFDE3A9FB270E0E02"
"Plant_005_SRC_001_AUG_001","Plant_005","Lobed_Leaf_Shrub_Unidentified","Plant_005_SRC_001","Plant_005_SRC_001","Plant_005_SITE_001","Synthetic","COMBINATION","Rejected","CLASS_IDENTITY_UNRESOLVED","","","QC_Rejected/Plant_005_SRC_001_AUG_001.png","3B96BD8D5FE6B6D382F6072E7160ED5A77C98C3B1FA4BFFDFAA9A1EEC13EADC9"
"Plant_005_SRC_002_AUG_001","Plant_005","Lobed_Leaf_Shrub_Unidentified","Plant_005_SRC_002","Plant_005_SRC_002","Plant_005_SITE_001","Synthetic","COMBINATION","Rejected","CLASS_IDENTITY_UNRESOLVED","","","QC_Rejected/Plant_005_SRC_002_AUG_001.png","72E1AC71A455559C1002F12DD8FA892BF9FE31A1DDF99B003A775BFB3C9699C9"
"Plant_005_SRC_003_AUG_001","Plant_005","Lobed_Leaf_Shrub_Unidentified","Plant_005_SRC_003","Plant_005_SRC_003","Plant_005_SITE_001","Synthetic","COMBINATION","Rejected","CLASS_IDENTITY_UNRESOLVED","","","QC_Rejected/Plant_005_SRC_003_AUG_001.png","F201441F41B16711AFC31A8633FBD38FB48FDE55E86F5C1429A8B5E6969FD9AF"
"Plant_005_SRC_001_AUG_002","Plant_005","Lobed_Leaf_Shrub_Unidentified","Plant_005_SRC_001","Plant_005_SRC_001","Plant_005_SITE_001","Synthetic","COMBINATION","Rejected","CLASS_IDENTITY_UNRESOLVED","","","QC_Rejected/Plant_005_SRC_001_AUG_002.png","3214753BA4B31B3D840383AB0F802E2D6FE218728A851B3D534985E4F68BB5B6"
"Plant_006_SRC_001_AUG_001","Plant_006","White_Flowering_Shrub_Unidentified","Plant_006_SRC_001","Plant_006_SRC_001","Plant_006_SITE_001","Synthetic","SCALE_BACKGROUND","Keep_Provisional","BOTANICAL_ID_PENDING_CONFIRMATION","","","Plant_Dataset/Plant_006_White_Flowering_Shrub_Unidentified/generated/Plant_006_SRC_001_AUG_001.png","4D4028E3F75FF2FF1F311DCF28A92C99D634A58D8E23BD108ECB960A4EE8466C"
"Plant_006_SRC_002_AUG_001","Plant_006","White_Flowering_Shrub_Unidentified","Plant_006_SRC_002","Plant_006_SRC_002","Plant_006_SITE_001","Synthetic","VIEWPOINT_CROP","Keep_Provisional","BOTANICAL_ID_PENDING_CONFIRMATION","","","Plant_Dataset/Plant_006_White_Flowering_Shrub_Unidentified/generated/Plant_006_SRC_002_AUG_001.png","D932298CF9B51810EE38B7898201791D3F6DBDF32FFF07C0ADBF8A84E78825FD"
"Plant_006_SRC_005_AUG_001","Plant_006","White_Flowering_Shrub_Unidentified","Plant_006_SRC_005","Plant_006_SRC_005","Plant_006_SITE_001","Synthetic","TARGET_TOO_SMALL","Rejected","TARGET_TOO_SMALL","","","QC_Rejected/Plant_006_SRC_005_AUG_001.png","778DE91CD64E1DEF2363B2CC8AA82CBD958D1D6DE7F9BBB9051C1CA1F6787887"
"Plant_006_SRC_003_AUG_001","Plant_006","White_Flowering_Shrub_Unidentified","Plant_006_SRC_003","Plant_006_SRC_003","Plant_006_SITE_001","Synthetic","COMPOSITION_LIGHTING","Keep_Provisional","BOTANICAL_ID_PENDING_CONFIRMATION","","","Plant_Dataset/Plant_006_White_Flowering_Shrub_Unidentified/generated/Plant_006_SRC_003_AUG_001.png","7F34BEA8F5D3D19908D6E2582555A9063A76C20F448AC9AAE425C0C08EAA1350"
"Plant_006_SRC_004_AUG_001","Plant_006","White_Flowering_Shrub_Unidentified","Plant_006_SRC_004","Plant_006_SRC_004","Plant_006_SITE_001","Synthetic","VIEWPOINT_CROP","Keep_Provisional","BOTANICAL_ID_PENDING_CONFIRMATION","","","Plant_Dataset/Plant_006_White_Flowering_Shrub_Unidentified/generated/Plant_006_SRC_004_AUG_001.png","DE2B6398D5618EF087275A1E122E5D6416234C7D4B621D109EC281FD9317861F"
"Plant_006_SRC_001_AUG_002","Plant_006","White_Flowering_Shrub_Unidentified","Plant_006_SRC_001","Plant_006_SRC_001","Plant_006_SITE_001","Synthetic","BACKGROUND_SCALE","Keep_Provisional","BOTANICAL_ID_PENDING_CONFIRMATION","","","Plant_Dataset/Plant_006_White_Flowering_Shrub_Unidentified/generated/Plant_006_SRC_001_AUG_002.png","B6339187EF69DBE9FE615A91CE66FBF2E67CD03E2ACECA20182877D6CEFB32D8"
"Plant_007_SRC_001_AUG_001","Plant_007","Mimusops_elengi","Plant_007_SRC_001","Plant_007_SRC_001","Plant_007_SITE_001","Synthetic","VIEWPOINT_BACKGROUND","Keep","","","","Plant_Dataset/Plant_007_Mimusops_elengi/generated/Plant_007_SRC_001_AUG_001.png","E8B2884BE564C67134E73325964AE3F685E591A48492A76AD1C8086B8827174F"
"Plant_007_SRC_003_AUG_001","Plant_007","Mimusops_elengi","Plant_007_SRC_003","Plant_007_SRC_003","Plant_007_SITE_001","Synthetic","CROP_SCALE","Keep","","","","Plant_Dataset/Plant_007_Mimusops_elengi/generated/Plant_007_SRC_003_AUG_001.png","9A4349B83F2B9DD9E6A591C5D9F6AE0ADD279A1F5E12453C93F7DF18F42B41C1"
"Plant_007_SRC_006_AUG_001","Plant_007","Mimusops_elengi","Plant_007_SRC_006","Plant_007_SRC_006","Plant_007_SITE_001","Synthetic","LIGHTING_BACKGROUND","Keep","","","","Plant_Dataset/Plant_007_Mimusops_elengi/generated/Plant_007_SRC_006_AUG_001.png","91DCA7CFC8741E7D967336BCF313AC367F2DCE1E9B41D7864A816029779D7A45"
"Plant_008_SRC_001_AUG_001","Plant_008","Mangifera_indica","Plant_008_SRC_001","Plant_008_SRC_001","Plant_008_SITE_001","Synthetic","SCALE_BACKGROUND","Keep","","","","Plant_Dataset/Plant_008_Mangifera_indica/generated/Plant_008_SRC_001_AUG_001.png","F9FF1AF2F7A587F4D2D784B7A347B4BBBDCC5BB1D1C3E2FCD31B37B842FAE6F6"
"Plant_008_SRC_002_AUG_001","Plant_008","Mangifera_indica","Plant_008_SRC_002","Plant_008_SRC_002","Plant_008_SITE_001","Synthetic","VIEWPOINT_CROP","Keep","","","","Plant_Dataset/Plant_008_Mangifera_indica/generated/Plant_008_SRC_002_AUG_001.png","AF49C498174A62E5C670F497551EB0DBDC2BAE3644C189B742255F9EC44EDCC3"
"Plant_008_SRC_003_AUG_001","Plant_008","Mangifera_indica","Plant_008_SRC_003","Plant_008_SRC_003","Plant_008_SITE_001","Synthetic","BACKGROUND_COMPOSITION","Keep","","","","Plant_Dataset/Plant_008_Mangifera_indica/generated/Plant_008_SRC_003_AUG_001.png","8CD2447A884EA11C5AB7E41673F5BCBB8AE31A4B3CF4960B6160A4FDA590D2C0"
"Plant_008_SRC_001_AUG_002","Plant_008","Mangifera_indica","Plant_008_SRC_001","Plant_008_SRC_001","Plant_008_SITE_001","Synthetic","NEAR_DUPLICATE","Rejected","NEAR_DUPLICATE","","","QC_Rejected/Plant_008_SRC_001_AUG_002.png","794625F61E1AA56907FC9F0B5926CF337AB657BF118DBFB2A17298701B5F9926"
"Plant_008_SRC_002_AUG_002","Plant_008","Mangifera_indica","Plant_008_SRC_002","Plant_008_SRC_002","Plant_008_SITE_001","Synthetic","CROP_VIEWPOINT","Keep","","","","Plant_Dataset/Plant_008_Mangifera_indica/generated/Plant_008_SRC_002_AUG_002.png","2002545FB9621984839B4A080D10576FF0CF93646A013A1C8F88CDCAA265D322"
"Plant_008_SRC_003_AUG_002","Plant_008","Mangifera_indica","Plant_008_SRC_003","Plant_008_SRC_003","Plant_008_SITE_001","Synthetic","VIEWPOINT_CROP","Keep","","","","Plant_Dataset/Plant_008_Mangifera_indica/generated/Plant_008_SRC_003_AUG_002.png","15DFA36AF9C37828B4C145611804F32CBE66C6D005649E750B349D06734FD23C"
"Plant_008_SRC_001_AUG_003","Plant_008","Mangifera_indica","Plant_008_SRC_001","Plant_008_SRC_001","Plant_008_SITE_001","Synthetic","BACKGROUND_COMPOSITION","Keep","","","","Plant_Dataset/Plant_008_Mangifera_indica/generated/Plant_008_SRC_001_AUG_003.png","DD63BCE53CA46FB7B9D1B2AE311390A9B989F09700E7DB1D52125A65F73BBB23"
"Plant_009_SRC_001_AUG_001","Plant_009","Dragon_Tree_Dracaena_sp","Plant_009_SRC_001","Plant_009_SRC_001","Plant_009_SITE_001","Synthetic","SCALE_VIEWPOINT","Keep_Provisional","BOTANICAL_ID_PENDING_CONFIRMATION","","","Plant_Dataset/Plant_009_Dragon_Tree_Dracaena_sp/generated/Plant_009_SRC_001_AUG_001.png","48DEEBBE38F1A077C07E0E05BF5808324DE398B946FD2BE90DA209273A6DAF6E"
"Plant_009_SRC_002_AUG_001","Plant_009","Dragon_Tree_Dracaena_sp","Plant_009_SRC_002","Plant_009_SRC_002","Plant_009_SITE_001","Synthetic","CROP_BACKGROUND","Keep_Provisional","BOTANICAL_ID_PENDING_CONFIRMATION","","","Plant_Dataset/Plant_009_Dragon_Tree_Dracaena_sp/generated/Plant_009_SRC_002_AUG_001.png","64B31451E37C14ECD4E208899CAF45458EE8AA055BBC51861AA1E8B3008A78F6"
"Plant_009_SRC_001_AUG_002","Plant_009","Dragon_Tree_Dracaena_sp","Plant_009_SRC_001","Plant_009_SRC_001","Plant_009_SITE_001","Synthetic","BACKGROUND_LIGHTING","Keep_Provisional","BOTANICAL_ID_PENDING_CONFIRMATION","","","Plant_Dataset/Plant_009_Dragon_Tree_Dracaena_sp/generated/Plant_009_SRC_001_AUG_002.png","C9862768A898CE6BAA4AA5BBBCC191B6A51E0234913B9D963E967DC186C6AAB4"
"Plant_009_SRC_002_AUG_002","Plant_009","Dragon_Tree_Dracaena_sp","Plant_009_SRC_002","Plant_009_SRC_002","Plant_009_SITE_001","Synthetic","VIEWPOINT_COMPOSITION","Keep_Provisional","BOTANICAL_ID_PENDING_CONFIRMATION","","","Plant_Dataset/Plant_009_Dragon_Tree_Dracaena_sp/generated/Plant_009_SRC_002_AUG_002.png","721362D21888D23D39FBD183C2065A642F93D83C02ADBE8ED69C90F0A4694FA6"
"Plant_009_SRC_001_AUG_003","Plant_009","Dragon_Tree_Dracaena_sp","Plant_009_SRC_001","Plant_009_SRC_001","Plant_009_SITE_001","Synthetic","VIEWPOINT_CROP","Keep_Provisional","BOTANICAL_ID_PENDING_CONFIRMATION","","","Plant_Dataset/Plant_009_Dragon_Tree_Dracaena_sp/generated/Plant_009_SRC_001_AUG_003.png","A444DB58F20169452AEB7C7176F49A8CAB7B88F66D9560EEC18FE0982FECE29B"
"Plant_009_SRC_002_AUG_003","Plant_009","Dragon_Tree_Dracaena_sp","Plant_009_SRC_002","Plant_009_SRC_002","Plant_009_SITE_001","Synthetic","CROP_SCALE","Keep_Provisional","BOTANICAL_ID_PENDING_CONFIRMATION","","","Plant_Dataset/Plant_009_Dragon_Tree_Dracaena_sp/generated/Plant_009_SRC_002_AUG_003.png","CEAB5183D7E724051D274CDE213F571716F7867D04D09333CEC66E9E680D91F7"
"Plant_010_SRC_001_ORG","Plant_010","Rosa_x_damascene","Plant_010_SRC_001","Plant_010_SRC_001","Plant_010_COLLECTION_001","Original","None","Keep","LABEL_CONFIRMED_2026-10-05;GOOGLE_DRIVE_SOURCE;SAME_SPECIMEN_COLLECTION;SPECIES_LABEL_CONFIRMED_BY_USER_2026-10-05","IMG_20260917_162356412.jpg","data_staging/google_drive_dataset/jpeg/IMG_20260917_162356412.jpg","Plant_Dataset/Plant_010_Rosa_x_damascene/original/Plant_010_SRC_001_ORG.jpg","F647DA023AADB8B37DEB1263F7784863FB986B636A634088ABFEAEA2A56A90CD"
"Plant_010_SRC_002_ORG","Plant_010","Rosa_x_damascene","Plant_010_SRC_002","Plant_010_SRC_002","Plant_010_COLLECTION_001","Original","None","Keep","LABEL_CONFIRMED_2026-10-05;GOOGLE_DRIVE_SOURCE;SAME_SPECIMEN_COLLECTION;SPECIES_LABEL_CONFIRMED_BY_USER_2026-10-05","IMG_20260917_162428069.jpg","data_staging/google_drive_dataset/jpeg/IMG_20260917_162428069.jpg","Plant_Dataset/Plant_010_Rosa_x_damascene/original/Plant_010_SRC_002_ORG.jpg","A969417A62135B81921D5B6110655DBFBAFC827771DB7843843E3B1C675D9C10"
"Plant_010_SRC_003_ORG","Plant_010","Rosa_x_damascene","Plant_010_SRC_003","Plant_010_SRC_003","Plant_010_COLLECTION_001","Original","None","Keep","LABEL_CONFIRMED_2026-10-05;GOOGLE_DRIVE_SOURCE;SAME_SPECIMEN_COLLECTION;SPECIES_LABEL_CONFIRMED_BY_USER_2026-10-05","IMG_20260917_162434728.jpg","data_staging/google_drive_dataset/jpeg/IMG_20260917_162434728.jpg","Plant_Dataset/Plant_010_Rosa_x_damascene/original/Plant_010_SRC_003_ORG.jpg","B02167244F2AEB6470056F716EF2D3F625CCF8FF791321E7669FB78EC8ED6309"
"Plant_010_SRC_004_ORG","Plant_010","Rosa_x_damascene","Plant_010_SRC_004","Plant_010_SRC_004","Plant_010_COLLECTION_001","Original","None","Keep","LABEL_CONFIRMED_2026-10-05;GOOGLE_DRIVE_SOURCE;SAME_SPECIMEN_COLLECTION;SPECIES_LABEL_CONFIRMED_BY_USER_2026-10-05","IMG_20260917_162438610.jpg","data_staging/google_drive_dataset/jpeg/IMG_20260917_162438610.jpg","Plant_Dataset/Plant_010_Rosa_x_damascene/original/Plant_010_SRC_004_ORG.jpg","D25B03D39D2D42A80DE8ADFE407C7085D710439F26ECC3D64C6DA8F2E21FC956"
"Plant_010_SRC_005_ORG","Plant_010","Rosa_x_damascene","Plant_010_SRC_005","Plant_010_SRC_005","Plant_010_COLLECTION_001","Original","None","Keep","LABEL_CONFIRMED_2026-10-05;GOOGLE_DRIVE_SOURCE;SAME_SPECIMEN_COLLECTION;SPECIES_LABEL_CONFIRMED_BY_USER_2026-10-05","IMG_20260917_162446903.jpg","data_staging/google_drive_dataset/jpeg/IMG_20260917_162446903.jpg","Plant_Dataset/Plant_010_Rosa_x_damascene/original/Plant_010_SRC_005_ORG.jpg","039E0495EB56466F6EB7CACE4C5263436E974AEC3FA7867094B24E55E6D8C8FA"
"Plant_010_SRC_006_ORG","Plant_010","Rosa_x_damascene","Plant_010_SRC_006","Plant_010_SRC_006","Plant_010_COLLECTION_001","Original","None","Keep","LABEL_CONFIRMED_2026-10-05;GOOGLE_DRIVE_SOURCE;SAME_SPECIMEN_COLLECTION;SPECIES_LABEL_CONFIRMED_BY_USER_2026-10-05","IMG_20260917_162504434.jpg","data_staging/google_drive_dataset/jpeg/IMG_20260917_162504434.jpg","Plant_Dataset/Plant_010_Rosa_x_damascene/original/Plant_010_SRC_006_ORG.jpg","C624055DACD1084782AB0697BFA1D7567688BE1E4D47507D03BC3922F72A3572"
"Plant_010_SRC_007_ORG","Plant_010","Rosa_x_damascene","Plant_010_SRC_007","Plant_010_SRC_007","Plant_010_COLLECTION_001","Original","None","Keep","LABEL_CONFIRMED_2026-10-05;GOOGLE_DRIVE_SOURCE;SAME_SPECIMEN_COLLECTION;SPECIES_LABEL_CONFIRMED_BY_USER_2026-10-05","IMG_20260917_162523485.jpg","data_staging/google_drive_dataset/jpeg/IMG_20260917_162523485.jpg","Plant_Dataset/Plant_010_Rosa_x_damascene/original/Plant_010_SRC_007_ORG.jpg","9B57FA914299E132362DC1FC613AB46719D61468DBDBC9205E77050E2C9426AB"
"Plant_010_SRC_008_ORG","Plant_010","Rosa_x_damascene","Plant_010_SRC_008","Plant_010_SRC_008","Plant_010_COLLECTION_001","Original","None","Keep","LABEL_CONFIRMED_2026-10-05;GOOGLE_DRIVE_SOURCE;SAME_SPECIMEN_COLLECTION;SPECIES_LABEL_CONFIRMED_BY_USER_2026-10-05","IMG_20260917_162532388.jpg","data_staging/google_drive_dataset/jpeg/IMG_20260917_162532388.jpg","Plant_Dataset/Plant_010_Rosa_x_damascene/original/Plant_010_SRC_008_ORG.jpg","3D78BDFB3E2AD39885D03868497CCB896AB879DCB09FB3CD9E8F43039AE09E91"
"Plant_010_SRC_009_ORG","Plant_010","Rosa_x_damascene","Plant_010_SRC_009","Plant_010_SRC_009","Plant_010_COLLECTION_001","Original","None","Keep","LABEL_CONFIRMED_2026-10-05;GOOGLE_DRIVE_SOURCE;SAME_SPECIMEN_COLLECTION;SPECIES_LABEL_CONFIRMED_BY_USER_2026-10-05","IMG_20260917_162537912.jpg","data_staging/google_drive_dataset/jpeg/IMG_20260917_162537912.jpg","Plant_Dataset/Plant_010_Rosa_x_damascene/original/Plant_010_SRC_009_ORG.jpg","9BB37F5B98893B3EAD6E77F130E21A98E486C4DDB3A887A5FFB866687E6944F5"
"Plant_010_SRC_010_ORG","Plant_010","Rosa_x_damascene","Plant_010_SRC_010","Plant_010_SRC_010","Plant_010_COLLECTION_001","Original","None","Keep","LABEL_CONFIRMED_2026-10-05;GOOGLE_DRIVE_SOURCE;SAME_SPECIMEN_COLLECTION;SPECIES_LABEL_CONFIRMED_BY_USER_2026-10-05","IMG_20260917_162629174.jpg","data_staging/google_drive_dataset/jpeg/IMG_20260917_162629174.jpg","Plant_Dataset/Plant_010_Rosa_x_damascene/original/Plant_010_SRC_010_ORG.jpg","31C9F367ACEB658088343DE01F453CB870B04B00CD048B83AA603E2EE68B9FD7"
"Plant_010_SRC_011_ORG","Plant_010","Rosa_x_damascene","Plant_010_SRC_011","Plant_010_SRC_011","Plant_010_COLLECTION_001","Original","None","Keep","LABEL_CONFIRMED_2026-10-05;GOOGLE_DRIVE_SOURCE;SAME_SPECIMEN_COLLECTION;SPECIES_LABEL_CONFIRMED_BY_USER_2026-10-05","IMG_20260917_162633269.jpg","data_staging/google_drive_dataset/jpeg/IMG_20260917_162633269.jpg","Plant_Dataset/Plant_010_Rosa_x_damascene/original/Plant_010_SRC_011_ORG.jpg","86600F5E18B8517CF4DC1A26AD114EE409F90464CE65013E8DD2465F3A3B62FB"
"Plant_010_SRC_012_ORG","Plant_010","Rosa_x_damascene","Plant_010_SRC_012","Plant_010_SRC_012","Plant_010_COLLECTION_001","Original","None","Keep","LABEL_CONFIRMED_2026-10-05;GOOGLE_DRIVE_SOURCE;SAME_SPECIMEN_COLLECTION;SPECIES_LABEL_CONFIRMED_BY_USER_2026-10-05","IMG_20260917_162641311.jpg","data_staging/google_drive_dataset/jpeg/IMG_20260917_162641311.jpg","Plant_Dataset/Plant_010_Rosa_x_damascene/original/Plant_010_SRC_012_ORG.jpg","16786E20C887B89749CE6D7C20A49062B4319834EE9455F12F858E6FD0FF01AA"
"Plant_010_SRC_013_ORG","Plant_010","Rosa_x_damascene","Plant_010_SRC_013","Plant_010_SRC_013","Plant_010_COLLECTION_001","Original","None","Keep","LABEL_CONFIRMED_2026-10-05;GOOGLE_DRIVE_SOURCE;SAME_SPECIMEN_COLLECTION;SPECIES_LABEL_CONFIRMED_BY_USER_2026-10-05","IMG_20260917_162704458.jpg","data_staging/google_drive_dataset/jpeg/IMG_20260917_162704458.jpg","Plant_Dataset/Plant_010_Rosa_x_damascene/original/Plant_010_SRC_013_ORG.jpg","D15D98C53D5EAACA054BE1FED0774787ED0A05D2484A25FC97984E77E32492FB"
"Plant_010_SRC_014_ORG","Plant_010","Rosa_x_damascene","Plant_010_SRC_014","Plant_010_SRC_014","Plant_010_COLLECTION_001","Original","None","Keep","LABEL_CONFIRMED_2026-10-05;GOOGLE_DRIVE_SOURCE;SAME_SPECIMEN_COLLECTION;SPECIES_LABEL_CONFIRMED_BY_USER_2026-10-05","IMG_20260917_162710128.jpg","data_staging/google_drive_dataset/jpeg/IMG_20260917_162710128.jpg","Plant_Dataset/Plant_010_Rosa_x_damascene/original/Plant_010_SRC_014_ORG.jpg","7A240A8AD770DA3BEE50DF3079611F3474608A8FE6EF42FC80D1DDA897B76FAC"
"Plant_010_SRC_015_ORG","Plant_010","Rosa_x_damascene","Plant_010_SRC_015","Plant_010_SRC_015","Plant_010_COLLECTION_001","Original","None","Keep","LABEL_CONFIRMED_2026-10-05;GOOGLE_DRIVE_SOURCE;SAME_SPECIMEN_COLLECTION;SPECIES_LABEL_CONFIRMED_BY_USER_2026-10-05","IMG_20260917_162717918.jpg","data_staging/google_drive_dataset/jpeg/IMG_20260917_162717918.jpg","Plant_Dataset/Plant_010_Rosa_x_damascene/original/Plant_010_SRC_015_ORG.jpg","1163433306B556465F6427341206D1D55F7BDC84930DF4330F7BF348583BAE47"
"Plant_010_SRC_016_ORG","Plant_010","Rosa_x_damascene","Plant_010_SRC_016","Plant_010_SRC_016","Plant_010_COLLECTION_001","Original","None","Keep","LABEL_CONFIRMED_2026-10-05;GOOGLE_DRIVE_SOURCE;SAME_SPECIMEN_COLLECTION;SPECIES_LABEL_CONFIRMED_BY_USER_2026-10-05","IMG_20260917_162720860.jpg","data_staging/google_drive_dataset/jpeg/IMG_20260917_162720860.jpg","Plant_Dataset/Plant_010_Rosa_x_damascene/original/Plant_010_SRC_016_ORG.jpg","D711B25FB76AF6540C75EE7D9E53220183214599DAB2599D45A48FB18D4F93BB"
"Plant_010_SRC_017_ORG","Plant_010","Rosa_x_damascene","Plant_010_SRC_017","Plant_010_SRC_017","Plant_010_COLLECTION_001","Original","None","Keep","LABEL_CONFIRMED_2026-10-05;GOOGLE_DRIVE_SOURCE;SAME_SPECIMEN_COLLECTION;SPECIES_LABEL_CONFIRMED_BY_USER_2026-10-05","IMG_20260917_162723780.jpg","data_staging/google_drive_dataset/jpeg/IMG_20260917_162723780.jpg","Plant_Dataset/Plant_010_Rosa_x_damascene/original/Plant_010_SRC_017_ORG.jpg","7494709917CD8C5030A5485CD9ADC791B78980451AE31F21E9A1CB36EF50579C"
"Plant_010_SRC_018_ORG","Plant_010","Rosa_x_damascene","Plant_010_SRC_018","Plant_010_SRC_018","Plant_010_COLLECTION_001","Original","None","Keep","LABEL_CONFIRMED_2026-10-05;GOOGLE_DRIVE_SOURCE;SAME_SPECIMEN_COLLECTION;SPECIES_LABEL_CONFIRMED_BY_USER_2026-10-05","IMG_20260917_162725416.jpg","data_staging/google_drive_dataset/jpeg/IMG_20260917_162725416.jpg","Plant_Dataset/Plant_010_Rosa_x_damascene/original/Plant_010_SRC_018_ORG.jpg","4C2B53B4FD7B771AA6DFA7092977178C906A3B36723E7506C0156EC5F72C72FA"
"Plant_010_SRC_019_ORG","Plant_010","Rosa_x_damascene","Plant_010_SRC_019","Plant_010_SRC_019","Plant_010_COLLECTION_001","Original","None","Keep","LABEL_CONFIRMED_2026-10-05;GOOGLE_DRIVE_SOURCE;SAME_SPECIMEN_COLLECTION;SPECIES_LABEL_CONFIRMED_BY_USER_2026-10-05","IMG_20260917_162734456.jpg","data_staging/google_drive_dataset/jpeg/IMG_20260917_162734456.jpg","Plant_Dataset/Plant_010_Rosa_x_damascene/original/Plant_010_SRC_019_ORG.jpg","C237E3CCD0396901B5DADAB695C639141DA8524576D811F8C767CC1DF0DB3652"
"Plant_010_SRC_020_ORG","Plant_010","Rosa_x_damascene","Plant_010_SRC_020","Plant_010_SRC_020","Plant_010_COLLECTION_001","Original","None","Keep","LABEL_CONFIRMED_2026-10-05;GOOGLE_DRIVE_SOURCE;SAME_SPECIMEN_COLLECTION;SPECIES_LABEL_CONFIRMED_BY_USER_2026-10-05","IMG_20260917_162737187.jpg","data_staging/google_drive_dataset/jpeg/IMG_20260917_162737187.jpg","Plant_Dataset/Plant_010_Rosa_x_damascene/original/Plant_010_SRC_020_ORG.jpg","D7EB81074D93525B0953ABCE31BD28C076DDE5766B21162DFC28B90CD0057AD7"
"Plant_010_SRC_021_ORG","Plant_010","Rosa_x_damascene","Plant_010_SRC_021","Plant_010_SRC_021","Plant_010_COLLECTION_001","Original","None","Keep","LABEL_CONFIRMED_2026-10-05;GOOGLE_DRIVE_SOURCE;SAME_SPECIMEN_COLLECTION;SPECIES_LABEL_CONFIRMED_BY_USER_2026-10-05","IMG_20260917_162738663.jpg","data_staging/google_drive_dataset/jpeg/IMG_20260917_162738663.jpg","Plant_Dataset/Plant_010_Rosa_x_damascene/original/Plant_010_SRC_021_ORG.jpg","041729199E3C92C6173B303A93A7153FA569EB2FA88F5B88EC3F644F4E9C6946"
"Plant_010_SRC_022_ORG","Plant_010","Rosa_x_damascene","Plant_010_SRC_022","Plant_010_SRC_022","Plant_010_COLLECTION_001","Original","None","Keep","LABEL_CONFIRMED_2026-10-05;GOOGLE_DRIVE_SOURCE;SAME_SPECIMEN_COLLECTION;SPECIES_LABEL_CONFIRMED_BY_USER_2026-10-05","IMG_20260917_162756601.jpg","data_staging/google_drive_dataset/jpeg/IMG_20260917_162756601.jpg","Plant_Dataset/Plant_010_Rosa_x_damascene/original/Plant_010_SRC_022_ORG.jpg","62CD5853D68ADF426D3552ADAD71F2E2B8DC724F67D76B2A155FF14CDE01DB56"
"Plant_010_SRC_023_ORG","Plant_010","Rosa_x_damascene","Plant_010_SRC_023","Plant_010_SRC_023","Plant_010_COLLECTION_001","Original","None","Keep","LABEL_CONFIRMED_2026-10-05;GOOGLE_DRIVE_SOURCE;SAME_SPECIMEN_COLLECTION;SPECIES_LABEL_CONFIRMED_BY_USER_2026-10-05","IMG_20260917_162801301.jpg","data_staging/google_drive_dataset/jpeg/IMG_20260917_162801301.jpg","Plant_Dataset/Plant_010_Rosa_x_damascene/original/Plant_010_SRC_023_ORG.jpg","37134A731BE2822342D23F5CCD7BC3362E104E43A1B6C5C595FF3E5CFB7FB41A"
"Plant_010_SRC_024_ORG","Plant_010","Rosa_x_damascene","Plant_010_SRC_024","Plant_010_SRC_024","Plant_010_COLLECTION_001","Original","None","Keep","LABEL_CONFIRMED_2026-10-05;GOOGLE_DRIVE_SOURCE;SAME_SPECIMEN_COLLECTION;SPECIES_LABEL_CONFIRMED_BY_USER_2026-10-05","IMG_20260917_162938397.jpg","data_staging/google_drive_dataset/jpeg/IMG_20260917_162938397.jpg","Plant_Dataset/Plant_010_Rosa_x_damascene/original/Plant_010_SRC_024_ORG.jpg","4124BD9C8D16D6263B149BF7F06FA6C59AB1C8A88B1A58F4A135F0A93A17163C"
"Plant_010_SRC_025_ORG","Plant_010","Rosa_x_damascene","Plant_010_SRC_025","Plant_010_SRC_025","Plant_010_COLLECTION_001","Original","None","Keep","LABEL_CONFIRMED_2026-10-05;GOOGLE_DRIVE_SOURCE;SAME_SPECIMEN_COLLECTION;SPECIES_LABEL_CONFIRMED_BY_USER_2026-10-05","IMG_20260917_163103389.jpg","data_staging/google_drive_dataset/jpeg/IMG_20260917_163103389.jpg","Plant_Dataset/Plant_010_Rosa_x_damascene/original/Plant_010_SRC_025_ORG.jpg","FA1E320A057E709C3D18D4B8C10022E9A3F77955D2A41194F00886A0A02349BC"
"Plant_010_SRC_026_ORG","Plant_010","Rosa_x_damascene","Plant_010_SRC_026","Plant_010_SRC_026","Plant_010_COLLECTION_001","Original","None","Keep","LABEL_CONFIRMED_2026-10-05;GOOGLE_DRIVE_SOURCE;SAME_SPECIMEN_COLLECTION;SPECIES_LABEL_CONFIRMED_BY_USER_2026-10-05","IMG_20260917_163105389.jpg","data_staging/google_drive_dataset/jpeg/IMG_20260917_163105389.jpg","Plant_Dataset/Plant_010_Rosa_x_damascene/original/Plant_010_SRC_026_ORG.jpg","989BA6545B7FE26A11421E83D17862C78F1391D869D3D6A92B31052B96A6ECE9"
"Plant_010_SRC_027_ORG","Plant_010","Rosa_x_damascene","Plant_010_SRC_027","Plant_010_SRC_027","Plant_010_COLLECTION_001","Original","None","Keep","LABEL_CONFIRMED_2026-10-05;GOOGLE_DRIVE_SOURCE;SAME_SPECIMEN_COLLECTION;SPECIES_LABEL_CONFIRMED_BY_USER_2026-10-05","IMG_20260917_163110424.jpg","data_staging/google_drive_dataset/jpeg/IMG_20260917_163110424.jpg","Plant_Dataset/Plant_010_Rosa_x_damascene/original/Plant_010_SRC_027_ORG.jpg","2020769C7962460FB5402FF5A8F6E32226E21F84AD849E654730F29F7A911A92"
"Plant_010_SRC_028_ORG","Plant_010","Rosa_x_damascene","Plant_010_SRC_028","Plant_010_SRC_028","Plant_010_COLLECTION_001","Original","None","Keep","LABEL_CONFIRMED_2026-10-05;GOOGLE_DRIVE_SOURCE;SAME_SPECIMEN_COLLECTION;SPECIES_LABEL_CONFIRMED_BY_USER_2026-10-05","IMG_20260917_163115064.jpg","data_staging/google_drive_dataset/jpeg/IMG_20260917_163115064.jpg","Plant_Dataset/Plant_010_Rosa_x_damascene/original/Plant_010_SRC_028_ORG.jpg","9ECD15710440CE1028F48E45DC5ACD88DBA301BBC9CD011325C503A37E462D10"
"Plant_010_SRC_029_ORG","Plant_010","Rosa_x_damascene","Plant_010_SRC_029","Plant_010_SRC_029","Plant_010_COLLECTION_001","Original","None","Keep","LABEL_CONFIRMED_2026-10-05;GOOGLE_DRIVE_SOURCE;SAME_SPECIMEN_COLLECTION;SPECIES_LABEL_CONFIRMED_BY_USER_2026-10-05","IMG_20260917_163120138.jpg","data_staging/google_drive_dataset/jpeg/IMG_20260917_163120138.jpg","Plant_Dataset/Plant_010_Rosa_x_damascene/original/Plant_010_SRC_029_ORG.jpg","BA71ECC980B1E13A52257336B64AB8A5EE3424F94048FD0FF473825997BFAB7D"
"Plant_010_SRC_030_ORG","Plant_010","Rosa_x_damascene","Plant_010_SRC_030","Plant_010_SRC_030","Plant_010_COLLECTION_001","Original","None","Keep","LABEL_CONFIRMED_2026-10-05;GOOGLE_DRIVE_SOURCE;SAME_SPECIMEN_COLLECTION;SPECIES_LABEL_CONFIRMED_BY_USER_2026-10-05","IMG_20260917_163126792.jpg","data_staging/google_drive_dataset/jpeg/IMG_20260917_163126792.jpg","Plant_Dataset/Plant_010_Rosa_x_damascene/original/Plant_010_SRC_030_ORG.jpg","5C2913F1EC5A5AC40535433D7CFC288024D0534D495A37BF6FDED27ED59C429F"
"Plant_010_SRC_031_ORG","Plant_010","Rosa_x_damascene","Plant_010_SRC_031","Plant_010_SRC_031","Plant_010_COLLECTION_001","Original","None","Keep","LABEL_CONFIRMED_2026-10-05;GOOGLE_DRIVE_SOURCE;SAME_SPECIMEN_COLLECTION;SPECIES_LABEL_CONFIRMED_BY_USER_2026-10-05","IMG_20260917_163131104.jpg","data_staging/google_drive_dataset/jpeg/IMG_20260917_163131104.jpg","Plant_Dataset/Plant_010_Rosa_x_damascene/original/Plant_010_SRC_031_ORG.jpg","098D849DF37F28406F606DEE7BCBCCF542779F875BEDA864369364664F6595E5"
"Plant_010_SRC_032_ORG","Plant_010","Rosa_x_damascene","Plant_010_SRC_032","Plant_010_SRC_032","Plant_010_COLLECTION_001","Original","None","Keep","LABEL_CONFIRMED_2026-10-05;GOOGLE_DRIVE_SOURCE;SAME_SPECIMEN_COLLECTION;SPECIES_LABEL_CONFIRMED_BY_USER_2026-10-05","IMG_20260917_163200954.jpg","data_staging/google_drive_dataset/jpeg/IMG_20260917_163200954.jpg","Plant_Dataset/Plant_010_Rosa_x_damascene/original/Plant_010_SRC_032_ORG.jpg","A3FB8B1FA59F14D9218A7F12133AC9535710DD2FA0658572A5F87F6260F94367"
"Plant_010_SRC_033_ORG","Plant_010","Rosa_x_damascene","Plant_010_SRC_033","Plant_010_SRC_033","Plant_010_COLLECTION_001","Original","None","Keep","LABEL_CONFIRMED_2026-10-05;GOOGLE_DRIVE_SOURCE;SAME_SPECIMEN_COLLECTION;SPECIES_LABEL_CONFIRMED_BY_USER_2026-10-05","IMG_20260917_163204110.jpg","data_staging/google_drive_dataset/jpeg/IMG_20260917_163204110.jpg","Plant_Dataset/Plant_010_Rosa_x_damascene/original/Plant_010_SRC_033_ORG.jpg","55463A420D9BB6B0C0E3EFBCE546D21AE0F9DAE6BF65E2CB27E1674FC9CCC297"
"Plant_010_SRC_034_ORG","Plant_010","Rosa_x_damascene","Plant_010_SRC_034","Plant_010_SRC_034","Plant_010_COLLECTION_001","Original","None","Keep","LABEL_CONFIRMED_2026-10-05;GOOGLE_DRIVE_SOURCE;SAME_SPECIMEN_COLLECTION;SPECIES_LABEL_CONFIRMED_BY_USER_2026-10-05","IMG_20260917_163208841.jpg","data_staging/google_drive_dataset/jpeg/IMG_20260917_163208841.jpg","Plant_Dataset/Plant_010_Rosa_x_damascene/original/Plant_010_SRC_034_ORG.jpg","63885E5B6FE3BC36ED3482E194CB59E337931096C0DC9E00C4AFC3352B8DB7DB"
"Plant_010_SRC_035_ORG","Plant_010","Rosa_x_damascene","Plant_010_SRC_035","Plant_010_SRC_035","Plant_010_COLLECTION_001","Original","None","Keep","LABEL_CONFIRMED_2026-10-05;GOOGLE_DRIVE_SOURCE;SAME_SPECIMEN_COLLECTION;SPECIES_LABEL_CONFIRMED_BY_USER_2026-10-05","IMG_20260917_163211409.jpg","data_staging/google_drive_dataset/jpeg/IMG_20260917_163211409.jpg","Plant_Dataset/Plant_010_Rosa_x_damascene/original/Plant_010_SRC_035_ORG.jpg","6359A034F81A9D5383C67435255873AD388D7C85F198F9516D306F459A5FC87B"
"Plant_010_SRC_036_ORG","Plant_010","Rosa_x_damascene","Plant_010_SRC_036","Plant_010_SRC_036","Plant_010_COLLECTION_001","Original","None","Keep","LABEL_CONFIRMED_2026-10-05;GOOGLE_DRIVE_SOURCE;SAME_SPECIMEN_COLLECTION;SPECIES_LABEL_CONFIRMED_BY_USER_2026-10-05","IMG_20260917_163227237.jpg","data_staging/google_drive_dataset/jpeg/IMG_20260917_163227237.jpg","Plant_Dataset/Plant_010_Rosa_x_damascene/original/Plant_010_SRC_036_ORG.jpg","77D3333E9F6260FD8FA138FE7EA484E174C218F95B06E96D9F40E90766E3B6C9"
"Plant_010_SRC_037_ORG","Plant_010","Rosa_x_damascene","Plant_010_SRC_037","Plant_010_SRC_037","Plant_010_COLLECTION_001","Original","None","Keep","LABEL_CONFIRMED_2026-10-05;GOOGLE_DRIVE_SOURCE;SAME_SPECIMEN_COLLECTION;SPECIES_LABEL_CONFIRMED_BY_USER_2026-10-05","IMG_20260917_163231446.jpg","data_staging/google_drive_dataset/jpeg/IMG_20260917_163231446.jpg","Plant_Dataset/Plant_010_Rosa_x_damascene/original/Plant_010_SRC_037_ORG.jpg","7C111E5EE06AFAEBAEA7473E1A635716FBADB27944097E75DEE1CA88CE71CE04"
"Plant_010_SRC_038_ORG","Plant_010","Rosa_x_damascene","Plant_010_SRC_038","Plant_010_SRC_038","Plant_010_COLLECTION_001","Original","None","Keep","LABEL_CONFIRMED_2026-10-05;GOOGLE_DRIVE_SOURCE;SAME_SPECIMEN_COLLECTION;SPECIES_LABEL_CONFIRMED_BY_USER_2026-10-05","IMG_20260917_163233713.jpg","data_staging/google_drive_dataset/jpeg/IMG_20260917_163233713.jpg","Plant_Dataset/Plant_010_Rosa_x_damascene/original/Plant_010_SRC_038_ORG.jpg","97979D2CB87911FF2F9FFD87A38958E902E474AE2D0405B6E1864ABE02C73B92"
"Plant_011_SRC_001_ORG","Plant_011","Codiaeum_variegatum","Plant_011_SRC_001","Plant_011_SRC_001","Plant_011_COLLECTION_001","Original","None","Keep","LABEL_CONFIRMED_2026-10-05;GOOGLE_DRIVE_SOURCE;SAME_SPECIMEN_COLLECTION;SPECIES_LABEL_CONFIRMED_BY_USER_2026-10-05","IMG_20260917_163957371.jpg","data_staging/google_drive_dataset/jpeg/IMG_20260917_163957371.jpg","Plant_Dataset/Plant_011_Codiaeum_variegatum/original/Plant_011_SRC_001_ORG.jpg","4962C329448F75DED16F2FB3E01F9CC103A04A72281F1BB1EC574736AED72EEC"
"Plant_011_SRC_002_ORG","Plant_011","Codiaeum_variegatum","Plant_011_SRC_002","Plant_011_SRC_002","Plant_011_COLLECTION_001","Original","None","Keep","LABEL_CONFIRMED_2026-10-05;GOOGLE_DRIVE_SOURCE;SAME_SPECIMEN_COLLECTION;SPECIES_LABEL_CONFIRMED_BY_USER_2026-10-05","IMG_20260917_164003252.jpg","data_staging/google_drive_dataset/jpeg/IMG_20260917_164003252.jpg","Plant_Dataset/Plant_011_Codiaeum_variegatum/original/Plant_011_SRC_002_ORG.jpg","F2C5FBC7FB87304F9C5ED2AC10341BCB2A0FC9123AAF92CFF302A5A1892C742B"
"Plant_011_SRC_003_ORG","Plant_011","Codiaeum_variegatum","Plant_011_SRC_003","Plant_011_SRC_003","Plant_011_COLLECTION_001","Original","None","Keep","LABEL_CONFIRMED_2026-10-05;GOOGLE_DRIVE_SOURCE;SAME_SPECIMEN_COLLECTION;SPECIES_LABEL_CONFIRMED_BY_USER_2026-10-05","IMG_20260917_164006960.jpg","data_staging/google_drive_dataset/jpeg/IMG_20260917_164006960.jpg","Plant_Dataset/Plant_011_Codiaeum_variegatum/original/Plant_011_SRC_003_ORG.jpg","0CDD81C6A1377E5CE2AF10E93B155A888FA4621CE611D4333C0B54FD3C169215"
"Plant_011_SRC_004_ORG","Plant_011","Codiaeum_variegatum","Plant_011_SRC_004","Plant_011_SRC_004","Plant_011_COLLECTION_001","Original","None","Keep","LABEL_CONFIRMED_2026-10-05;GOOGLE_DRIVE_SOURCE;SAME_SPECIMEN_COLLECTION;SPECIES_LABEL_CONFIRMED_BY_USER_2026-10-05","IMG_20260917_164015650.jpg","data_staging/google_drive_dataset/jpeg/IMG_20260917_164015650.jpg","Plant_Dataset/Plant_011_Codiaeum_variegatum/original/Plant_011_SRC_004_ORG.jpg","D91E5F5099EBEA3BDEE6A086D7A5D3910E2FF8F05C2832ABAD3DFBE2E1A5532D"
"Plant_011_SRC_005_ORG","Plant_011","Codiaeum_variegatum","Plant_011_SRC_005","Plant_011_SRC_005","Plant_011_COLLECTION_001","Original","None","Keep","LABEL_CONFIRMED_2026-10-05;GOOGLE_DRIVE_SOURCE;SAME_SPECIMEN_COLLECTION;SPECIES_LABEL_CONFIRMED_BY_USER_2026-10-05","IMG_20260917_164020204.jpg","data_staging/google_drive_dataset/jpeg/IMG_20260917_164020204.jpg","Plant_Dataset/Plant_011_Codiaeum_variegatum/original/Plant_011_SRC_005_ORG.jpg","A20A4BB7530DC6CB9D26A3176CDC8F0F8A030F63D25669CFE49DDEE228B4464A"
"Plant_011_SRC_006_ORG","Plant_011","Codiaeum_variegatum","Plant_011_SRC_006","Plant_011_SRC_006","Plant_011_COLLECTION_001","Original","None","Keep","LABEL_CONFIRMED_2026-10-05;GOOGLE_DRIVE_SOURCE;SAME_SPECIMEN_COLLECTION;SPECIES_LABEL_CONFIRMED_BY_USER_2026-10-05","IMG_20260917_164022607.jpg","data_staging/google_drive_dataset/jpeg/IMG_20260917_164022607.jpg","Plant_Dataset/Plant_011_Codiaeum_variegatum/original/Plant_011_SRC_006_ORG.jpg","9B607D6742DD5E66264C4087C21A042A995F9C75E9318EE4F41F51CF51296939"
"Plant_011_SRC_007_ORG","Plant_011","Codiaeum_variegatum","Plant_011_SRC_007","Plant_011_SRC_007","Plant_011_COLLECTION_001","Original","None","Keep","LABEL_CONFIRMED_2026-10-05;GOOGLE_DRIVE_SOURCE;SAME_SPECIMEN_COLLECTION;SPECIES_LABEL_CONFIRMED_BY_USER_2026-10-05","IMG_20260917_164026018.jpg","data_staging/google_drive_dataset/jpeg/IMG_20260917_164026018.jpg","Plant_Dataset/Plant_011_Codiaeum_variegatum/original/Plant_011_SRC_007_ORG.jpg","D2F3739348BEE7F30183FE3DAA7DC890CDD87F505D1A3BC4BF59AD9F91A75362"
"Plant_011_SRC_008_ORG","Plant_011","Codiaeum_variegatum","Plant_011_SRC_008","Plant_011_SRC_008","Plant_011_COLLECTION_001","Original","None","Keep","LABEL_CONFIRMED_2026-10-05;GOOGLE_DRIVE_SOURCE;SAME_SPECIMEN_COLLECTION;SPECIES_LABEL_CONFIRMED_BY_USER_2026-10-05","IMG_20260917_164028733.jpg","data_staging/google_drive_dataset/jpeg/IMG_20260917_164028733.jpg","Plant_Dataset/Plant_011_Codiaeum_variegatum/original/Plant_011_SRC_008_ORG.jpg","ACCB0801E681B1B77DCB826C8B0EFBCFCE4493EEC3B7043A7B8E90A0DAB5D143"
"Plant_011_SRC_009_ORG","Plant_011","Codiaeum_variegatum","Plant_011_SRC_009","Plant_011_SRC_009","Plant_011_COLLECTION_001","Original","None","Keep","LABEL_CONFIRMED_2026-10-05;GOOGLE_DRIVE_SOURCE;SAME_SPECIMEN_COLLECTION;SPECIES_LABEL_CONFIRMED_BY_USER_2026-10-05","IMG_20260917_164046605.jpg","data_staging/google_drive_dataset/jpeg/IMG_20260917_164046605.jpg","Plant_Dataset/Plant_011_Codiaeum_variegatum/original/Plant_011_SRC_009_ORG.jpg","3F6FB66965DB665EFC9F335E2902A352AD985F5C7E085045F10F733C61685983"
"Plant_011_SRC_010_ORG","Plant_011","Codiaeum_variegatum","Plant_011_SRC_010","Plant_011_SRC_010","Plant_011_COLLECTION_001","Original","None","Keep","LABEL_CONFIRMED_2026-10-05;GOOGLE_DRIVE_SOURCE;SAME_SPECIMEN_COLLECTION;SPECIES_LABEL_CONFIRMED_BY_USER_2026-10-05","IMG_20260917_164053229.jpg","data_staging/google_drive_dataset/jpeg/IMG_20260917_164053229.jpg","Plant_Dataset/Plant_011_Codiaeum_variegatum/original/Plant_011_SRC_010_ORG.jpg","9B3D71D18225A1947F631E10FA7AD15F8278BF5E0AD39001E85ECE2741B0118E"
"Plant_011_SRC_011_ORG","Plant_011","Codiaeum_variegatum","Plant_011_SRC_011","Plant_011_SRC_011","Plant_011_COLLECTION_001","Original","None","Keep","LABEL_CONFIRMED_2026-10-05;GOOGLE_DRIVE_SOURCE;SAME_SPECIMEN_COLLECTION;SPECIES_LABEL_CONFIRMED_BY_USER_2026-10-05","IMG_20260917_164058282.jpg","data_staging/google_drive_dataset/jpeg/IMG_20260917_164058282.jpg","Plant_Dataset/Plant_011_Codiaeum_variegatum/original/Plant_011_SRC_011_ORG.jpg","1054D1E4AAC6B8FF5787A63946FBC5AE0D022696AB463B4BB4403F54DDDF5BB7"
"Plant_011_SRC_012_ORG","Plant_011","Codiaeum_variegatum","Plant_011_SRC_012","Plant_011_SRC_012","Plant_011_COLLECTION_001","Original","None","Keep","LABEL_CONFIRMED_2026-10-05;GOOGLE_DRIVE_SOURCE;SAME_SPECIMEN_COLLECTION;SPECIES_LABEL_CONFIRMED_BY_USER_2026-10-05","IMG_20260917_164101516.jpg","data_staging/google_drive_dataset/jpeg/IMG_20260917_164101516.jpg","Plant_Dataset/Plant_011_Codiaeum_variegatum/original/Plant_011_SRC_012_ORG.jpg","C6FC9553833F334F2ED9CE4544E7F7B330057B4BE66BD74B788BE9BC99E52672"
"Plant_011_SRC_013_ORG","Plant_011","Codiaeum_variegatum","Plant_011_SRC_013","Plant_011_SRC_013","Plant_011_COLLECTION_001","Original","None","Keep","LABEL_CONFIRMED_2026-10-05;GOOGLE_DRIVE_SOURCE;SAME_SPECIMEN_COLLECTION;SPECIES_LABEL_CONFIRMED_BY_USER_2026-10-05","IMG_20260917_164103742.jpg","data_staging/google_drive_dataset/jpeg/IMG_20260917_164103742.jpg","Plant_Dataset/Plant_011_Codiaeum_variegatum/original/Plant_011_SRC_013_ORG.jpg","436777057950645DD96F23B9ED29CD6617DD0C1C363A9698F09206871735BCA9"
"Plant_011_SRC_014_ORG","Plant_011","Codiaeum_variegatum","Plant_011_SRC_014","Plant_011_SRC_014","Plant_011_COLLECTION_001","Original","None","Keep","LABEL_CONFIRMED_2026-10-05;GOOGLE_DRIVE_SOURCE;SAME_SPECIMEN_COLLECTION;SPECIES_LABEL_CONFIRMED_BY_USER_2026-10-05","IMG_20260917_164107089.jpg","data_staging/google_drive_dataset/jpeg/IMG_20260917_164107089.jpg","Plant_Dataset/Plant_011_Codiaeum_variegatum/original/Plant_011_SRC_014_ORG.jpg","5450F37F0658332711F1B4EBAAC6E874AB759D13294E8ABD036C8E6548D306F2"
"Plant_011_SRC_015_ORG","Plant_011","Codiaeum_variegatum","Plant_011_SRC_015","Plant_011_SRC_015","Plant_011_COLLECTION_001","Original","None","Keep","LABEL_CONFIRMED_2026-10-05;GOOGLE_DRIVE_SOURCE;SAME_SPECIMEN_COLLECTION;SPECIES_LABEL_CONFIRMED_BY_USER_2026-10-05","IMG_20260917_164108093.jpg","data_staging/google_drive_dataset/jpeg/IMG_20260917_164108093.jpg","Plant_Dataset/Plant_011_Codiaeum_variegatum/original/Plant_011_SRC_015_ORG.jpg","01F4190D77A0D2E413DC6919D55BD55C056749FC4871023707CF0512E076A5EA"
"Plant_011_SRC_016_ORG","Plant_011","Codiaeum_variegatum","Plant_011_SRC_016","Plant_011_SRC_016","Plant_011_COLLECTION_001","Original","None","Keep","LABEL_CONFIRMED_2026-10-05;GOOGLE_DRIVE_SOURCE;SAME_SPECIMEN_COLLECTION;SPECIES_LABEL_CONFIRMED_BY_USER_2026-10-05","IMG_20260917_164124169.jpg","data_staging/google_drive_dataset/jpeg/IMG_20260917_164124169.jpg","Plant_Dataset/Plant_011_Codiaeum_variegatum/original/Plant_011_SRC_016_ORG.jpg","E4B6E49DFCB83D4C84F44DC9EDCDBFA2460DE2AE929A7ACA2BC321213AF798E9"
"Plant_011_SRC_017_ORG","Plant_011","Codiaeum_variegatum","Plant_011_SRC_017","Plant_011_SRC_017","Plant_011_COLLECTION_001","Original","None","Keep","LABEL_CONFIRMED_2026-10-05;GOOGLE_DRIVE_SOURCE;SAME_SPECIMEN_COLLECTION;SPECIES_LABEL_CONFIRMED_BY_USER_2026-10-05","IMG_20260917_164131184.jpg","data_staging/google_drive_dataset/jpeg/IMG_20260917_164131184.jpg","Plant_Dataset/Plant_011_Codiaeum_variegatum/original/Plant_011_SRC_017_ORG.jpg","A3BE2FDADDA849CBA4831835E0D7A4017E81DEBA0E925A7E72A534E45ADCC7B4"
"Plant_011_SRC_018_ORG","Plant_011","Codiaeum_variegatum","Plant_011_SRC_018","Plant_011_SRC_018","Plant_011_COLLECTION_001","Original","None","Keep","LABEL_CONFIRMED_2026-10-05;GOOGLE_DRIVE_SOURCE;SAME_SPECIMEN_COLLECTION;SPECIES_LABEL_CONFIRMED_BY_USER_2026-10-05","IMG_20260917_164134851.jpg","data_staging/google_drive_dataset/jpeg/IMG_20260917_164134851.jpg","Plant_Dataset/Plant_011_Codiaeum_variegatum/original/Plant_011_SRC_018_ORG.jpg","FB4E43B5716B5BFA7009BA4405FB5AE09099FA3E8F2F381432D757389C458535"
"Plant_011_SRC_019_ORG","Plant_011","Codiaeum_variegatum","Plant_011_SRC_019","Plant_011_SRC_019","Plant_011_COLLECTION_001","Original","None","Keep","LABEL_CONFIRMED_2026-10-05;GOOGLE_DRIVE_SOURCE;SAME_SPECIMEN_COLLECTION;SPECIES_LABEL_CONFIRMED_BY_USER_2026-10-05","IMG_20260917_164136473.jpg","data_staging/google_drive_dataset/jpeg/IMG_20260917_164136473.jpg","Plant_Dataset/Plant_011_Codiaeum_variegatum/original/Plant_011_SRC_019_ORG.jpg","060DBAE3C1BACB41BA564E6CB1431000C97B07D49F1A7BB5C8EB7DF4FC1C9E40"
"Plant_011_SRC_020_ORG","Plant_011","Codiaeum_variegatum","Plant_011_SRC_020","Plant_011_SRC_020","Plant_011_COLLECTION_001","Original","None","Keep","LABEL_CONFIRMED_2026-10-05;GOOGLE_DRIVE_SOURCE;SAME_SPECIMEN_COLLECTION;SPECIES_LABEL_CONFIRMED_BY_USER_2026-10-05","IMG_20260917_164139022.jpg","data_staging/google_drive_dataset/jpeg/IMG_20260917_164139022.jpg","Plant_Dataset/Plant_011_Codiaeum_variegatum/original/Plant_011_SRC_020_ORG.jpg","C6387FC7818D14EA3431E73749F17701134B908D57FEE06A482F854FE275F20A"
"Plant_011_SRC_021_ORG","Plant_011","Codiaeum_variegatum","Plant_011_SRC_021","Plant_011_SRC_021","Plant_011_COLLECTION_001","Original","None","Keep","LABEL_CONFIRMED_2026-10-05;GOOGLE_DRIVE_SOURCE;SAME_SPECIMEN_COLLECTION;SPECIES_LABEL_CONFIRMED_BY_USER_2026-10-05","IMG_20260917_164143071.jpg","data_staging/google_drive_dataset/jpeg/IMG_20260917_164143071.jpg","Plant_Dataset/Plant_011_Codiaeum_variegatum/original/Plant_011_SRC_021_ORG.jpg","1C1F0F30CD97FC57E2DBFBCDAA99AFB71E99B62A4DF6BDBFB1683E2A581F1097"
"Plant_011_SRC_022_ORG","Plant_011","Codiaeum_variegatum","Plant_011_SRC_022","Plant_011_SRC_022","Plant_011_COLLECTION_001","Original","None","Keep","LABEL_CONFIRMED_2026-10-05;GOOGLE_DRIVE_SOURCE;SAME_SPECIMEN_COLLECTION;SPECIES_LABEL_CONFIRMED_BY_USER_2026-10-05","IMG_20260917_164143899.jpg","data_staging/google_drive_dataset/jpeg/IMG_20260917_164143899.jpg","Plant_Dataset/Plant_011_Codiaeum_variegatum/original/Plant_011_SRC_022_ORG.jpg","68BC31A872F8A631A81BEBD26FC5F6C81FDE0CEE8D18105155F0BAE6BE0A7947"
"Plant_011_SRC_023_ORG","Plant_011","Codiaeum_variegatum","Plant_011_SRC_023","Plant_011_SRC_023","Plant_011_COLLECTION_001","Original","None","Keep","LABEL_CONFIRMED_2026-10-05;GOOGLE_DRIVE_SOURCE;SAME_SPECIMEN_COLLECTION;SPECIES_LABEL_CONFIRMED_BY_USER_2026-10-05","IMG_20260917_164146137.jpg","data_staging/google_drive_dataset/jpeg/IMG_20260917_164146137.jpg","Plant_Dataset/Plant_011_Codiaeum_variegatum/original/Plant_011_SRC_023_ORG.jpg","8BE85D2EC026C484F763E37298603BD0BC6843365A106FE8D0CD3F85858FA5AC"
"Plant_011_SRC_024_ORG","Plant_011","Codiaeum_variegatum","Plant_011_SRC_024","Plant_011_SRC_024","Plant_011_COLLECTION_001","Original","None","Keep","LABEL_CONFIRMED_2026-10-05;GOOGLE_DRIVE_SOURCE;SAME_SPECIMEN_COLLECTION;SPECIES_LABEL_CONFIRMED_BY_USER_2026-10-05","IMG_20260917_164149199.jpg","data_staging/google_drive_dataset/jpeg/IMG_20260917_164149199.jpg","Plant_Dataset/Plant_011_Codiaeum_variegatum/original/Plant_011_SRC_024_ORG.jpg","70F7C0E5F3D7B60E54CD1C9FA87CB24E71C8B50C84877E818E9E5DAF2CE930B2"
"Plant_012_SRC_001_ORG","Plant_012","Globe_Amaranth","Plant_012_SRC_001","Plant_012_SRC_001","Plant_012_COLLECTION_001","Original","None","Keep","LABEL_CONFIRMED_2026-10-05;GOOGLE_DRIVE_SOURCE;SAME_SPECIMEN_COLLECTION;SPECIES_LABEL_CONFIRMED_BY_USER_2026-10-05","IMG_20260917_164357523.jpg","data_staging/google_drive_dataset/jpeg/IMG_20260917_164357523.jpg","Plant_Dataset/Plant_012_Globe_Amaranth/original/Plant_012_SRC_001_ORG.jpg","C0B37468AE0E1381FB8898E922DA44509B73848A05DF7B171F2BCC10CC8D06BA"
"Plant_012_SRC_002_ORG","Plant_012","Globe_Amaranth","Plant_012_SRC_002","Plant_012_SRC_002","Plant_012_COLLECTION_001","Original","None","Keep","LABEL_CONFIRMED_2026-10-05;GOOGLE_DRIVE_SOURCE;SAME_SPECIMEN_COLLECTION;SPECIES_LABEL_CONFIRMED_BY_USER_2026-10-05","IMG_20260917_164404459.jpg","data_staging/google_drive_dataset/jpeg/IMG_20260917_164404459.jpg","Plant_Dataset/Plant_012_Globe_Amaranth/original/Plant_012_SRC_002_ORG.jpg","02255A08E29B876D0E867A5559A3460EA756596AF7DC1FDE30D4C71FD16BCCE4"
"Plant_012_SRC_003_ORG","Plant_012","Globe_Amaranth","Plant_012_SRC_003","Plant_012_SRC_003","Plant_012_COLLECTION_001","Original","None","Keep","LABEL_CONFIRMED_2026-10-05;GOOGLE_DRIVE_SOURCE;SAME_SPECIMEN_COLLECTION;SPECIES_LABEL_CONFIRMED_BY_USER_2026-10-05","IMG_20260917_164421420.jpg","data_staging/google_drive_dataset/jpeg/IMG_20260917_164421420.jpg","Plant_Dataset/Plant_012_Globe_Amaranth/original/Plant_012_SRC_003_ORG.jpg","123F8D9289A477BC09B83B23134F135BDCC349BE7B682692C97A25BF8F2D7FF2"
"Plant_012_SRC_004_ORG","Plant_012","Globe_Amaranth","Plant_012_SRC_004","Plant_012_SRC_004","Plant_012_COLLECTION_001","Original","None","Keep","LABEL_CONFIRMED_2026-10-05;GOOGLE_DRIVE_SOURCE;SAME_SPECIMEN_COLLECTION;SPECIES_LABEL_CONFIRMED_BY_USER_2026-10-05","IMG_20260917_164448077.jpg","data_staging/google_drive_dataset/jpeg/IMG_20260917_164448077.jpg","Plant_Dataset/Plant_012_Globe_Amaranth/original/Plant_012_SRC_004_ORG.jpg","E79F803D49F34B4A9FF6FE51288904FF3A529FE73D05F80073EADE86C4B99C6A"
"Plant_012_SRC_005_ORG","Plant_012","Globe_Amaranth","Plant_012_SRC_005","Plant_012_SRC_005","Plant_012_COLLECTION_001","Original","None","Keep","LABEL_CONFIRMED_2026-10-05;GOOGLE_DRIVE_SOURCE;SAME_SPECIMEN_COLLECTION;SPECIES_LABEL_CONFIRMED_BY_USER_2026-10-05","IMG_20260917_164455984.jpg","data_staging/google_drive_dataset/jpeg/IMG_20260917_164455984.jpg","Plant_Dataset/Plant_012_Globe_Amaranth/original/Plant_012_SRC_005_ORG.jpg","BF6F87D0A38E328E4837E2F915739F8D59FE1FD89D30CD82435151107605DDEF"
"Plant_012_SRC_006_ORG","Plant_012","Globe_Amaranth","Plant_012_SRC_006","Plant_012_SRC_006","Plant_012_COLLECTION_001","Original","None","Keep","LABEL_CONFIRMED_2026-10-05;GOOGLE_DRIVE_SOURCE;SAME_SPECIMEN_COLLECTION;SPECIES_LABEL_CONFIRMED_BY_USER_2026-10-05","IMG_20260917_164457762.jpg","data_staging/google_drive_dataset/jpeg/IMG_20260917_164457762.jpg","Plant_Dataset/Plant_012_Globe_Amaranth/original/Plant_012_SRC_006_ORG.jpg","843249741413A85B1426E1A3D39CA72942B60D54D506F1208EE80C4BAAE9B9F9"
"Plant_012_SRC_007_ORG","Plant_012","Globe_Amaranth","Plant_012_SRC_007","Plant_012_SRC_007","Plant_012_COLLECTION_001","Original","None","Keep","LABEL_CONFIRMED_2026-10-05;GOOGLE_DRIVE_SOURCE;SAME_SPECIMEN_COLLECTION;SPECIES_LABEL_CONFIRMED_BY_USER_2026-10-05","IMG_20260917_164500027.jpg","data_staging/google_drive_dataset/jpeg/IMG_20260917_164500027.jpg","Plant_Dataset/Plant_012_Globe_Amaranth/original/Plant_012_SRC_007_ORG.jpg","C0918A99DCA26B39E97259D9D128E5E44302C049BF3516D77E01085F877FC579"
"Plant_012_SRC_008_ORG","Plant_012","Globe_Amaranth","Plant_012_SRC_008","Plant_012_SRC_008","Plant_012_COLLECTION_001","Original","None","Keep","LABEL_CONFIRMED_2026-10-05;GOOGLE_DRIVE_SOURCE;SAME_SPECIMEN_COLLECTION;SPECIES_LABEL_CONFIRMED_BY_USER_2026-10-05","IMG_20260917_164501560.jpg","data_staging/google_drive_dataset/jpeg/IMG_20260917_164501560.jpg","Plant_Dataset/Plant_012_Globe_Amaranth/original/Plant_012_SRC_008_ORG.jpg","FECC147C8CE1F57ACE6DFED3EE9D966012305BE8F4C29157F0333D72F6EF6AA6"
"Plant_012_SRC_009_ORG","Plant_012","Globe_Amaranth","Plant_012_SRC_009","Plant_012_SRC_009","Plant_012_COLLECTION_001","Original","None","Keep","LABEL_CONFIRMED_2026-10-05;GOOGLE_DRIVE_SOURCE;SAME_SPECIMEN_COLLECTION;SPECIES_LABEL_CONFIRMED_BY_USER_2026-10-05","IMG_20260917_164503841.jpg","data_staging/google_drive_dataset/jpeg/IMG_20260917_164503841.jpg","Plant_Dataset/Plant_012_Globe_Amaranth/original/Plant_012_SRC_009_ORG.jpg","8C3D6212ABCE01EBE95D200D26D0F4B312E35B6B308CC2B7033C5DDFBCA7568E"
"Plant_012_SRC_010_ORG","Plant_012","Globe_Amaranth","Plant_012_SRC_010","Plant_012_SRC_010","Plant_012_COLLECTION_001","Original","None","Keep","LABEL_CONFIRMED_2026-10-05;GOOGLE_DRIVE_SOURCE;SAME_SPECIMEN_COLLECTION;SPECIES_LABEL_CONFIRMED_BY_USER_2026-10-05","IMG_20260917_164504606.jpg","data_staging/google_drive_dataset/jpeg/IMG_20260917_164504606.jpg","Plant_Dataset/Plant_012_Globe_Amaranth/original/Plant_012_SRC_010_ORG.jpg","A44A6C966549F60FE513000B3496C951959328DD3F2136287B0DC2C7C821DD2B"
"Plant_012_SRC_011_ORG","Plant_012","Globe_Amaranth","Plant_012_SRC_011","Plant_012_SRC_011","Plant_012_COLLECTION_001","Original","None","Keep","LABEL_CONFIRMED_2026-10-05;GOOGLE_DRIVE_SOURCE;SAME_SPECIMEN_COLLECTION;SPECIES_LABEL_CONFIRMED_BY_USER_2026-10-05","IMG_20260917_164519874.jpg","data_staging/google_drive_dataset/jpeg/IMG_20260917_164519874.jpg","Plant_Dataset/Plant_012_Globe_Amaranth/original/Plant_012_SRC_011_ORG.jpg","35EBAC9DF8421A667059E70B26145A1880EDCDD040D88665F6EE0761F3420E99"
"Plant_012_SRC_012_ORG","Plant_012","Globe_Amaranth","Plant_012_SRC_012","Plant_012_SRC_012","Plant_012_COLLECTION_001","Original","None","Keep","LABEL_CONFIRMED_2026-10-05;GOOGLE_DRIVE_SOURCE;SAME_SPECIMEN_COLLECTION;SPECIES_LABEL_CONFIRMED_BY_USER_2026-10-05","IMG_20260917_164520388.jpg","data_staging/google_drive_dataset/jpeg/IMG_20260917_164520388.jpg","Plant_Dataset/Plant_012_Globe_Amaranth/original/Plant_012_SRC_012_ORG.jpg","E7958CFCD338224EF81A8D5C8B49544F8713E85BE596076F448F06D604823646"
"Plant_012_SRC_013_ORG","Plant_012","Globe_Amaranth","Plant_012_SRC_013","Plant_012_SRC_013","Plant_012_COLLECTION_001","Original","None","Keep","LABEL_CONFIRMED_2026-10-05;GOOGLE_DRIVE_SOURCE;SAME_SPECIMEN_COLLECTION;SPECIES_LABEL_CONFIRMED_BY_USER_2026-10-05","IMG_20260917_164523050.jpg","data_staging/google_drive_dataset/jpeg/IMG_20260917_164523050.jpg","Plant_Dataset/Plant_012_Globe_Amaranth/original/Plant_012_SRC_013_ORG.jpg","476C9173D9D1FEDA701F264ED466085C93F04BE60E44A581CE9C97F21654D3F8"
"Plant_012_SRC_014_ORG","Plant_012","Globe_Amaranth","Plant_012_SRC_014","Plant_012_SRC_014","Plant_012_COLLECTION_001","Original","None","Keep","LABEL_CONFIRMED_2026-10-05;GOOGLE_DRIVE_SOURCE;SAME_SPECIMEN_COLLECTION;SPECIES_LABEL_CONFIRMED_BY_USER_2026-10-05","IMG_20260917_164527983.jpg","data_staging/google_drive_dataset/jpeg/IMG_20260917_164527983.jpg","Plant_Dataset/Plant_012_Globe_Amaranth/original/Plant_012_SRC_014_ORG.jpg","015009C45BC8146A58FF6ABCA268E22DD3C73C3CCC906FA04F71FDF189D74C05"
"Plant_012_SRC_015_ORG","Plant_012","Globe_Amaranth","Plant_012_SRC_015","Plant_012_SRC_015","Plant_012_COLLECTION_001","Original","None","Keep","LABEL_CONFIRMED_2026-10-05;GOOGLE_DRIVE_SOURCE;SAME_SPECIMEN_COLLECTION;SPECIES_LABEL_CONFIRMED_BY_USER_2026-10-05","IMG_20260917_164605496.jpg","data_staging/google_drive_dataset/jpeg/IMG_20260917_164605496.jpg","Plant_Dataset/Plant_012_Globe_Amaranth/original/Plant_012_SRC_015_ORG.jpg","604AFFC9078E97FAFAEC9BC579A4BF9F0048B4DC337EF97D24E1B1792620CADC"
"Plant_012_SRC_016_ORG","Plant_012","Globe_Amaranth","Plant_012_SRC_016","Plant_012_SRC_016","Plant_012_COLLECTION_001","Original","None","Keep","LABEL_CONFIRMED_2026-10-05;GOOGLE_DRIVE_SOURCE;SAME_SPECIMEN_COLLECTION;SPECIES_LABEL_CONFIRMED_BY_USER_2026-10-05","IMG_20260917_164610598.jpg","data_staging/google_drive_dataset/jpeg/IMG_20260917_164610598.jpg","Plant_Dataset/Plant_012_Globe_Amaranth/original/Plant_012_SRC_016_ORG.jpg","1820040D1CFEE16337707AA2E2706B7805EB8D5FC6938251B40DE9592E23C810"
"Plant_012_SRC_017_ORG","Plant_012","Globe_Amaranth","Plant_012_SRC_017","Plant_012_SRC_017","Plant_012_COLLECTION_001","Original","None","Keep","LABEL_CONFIRMED_2026-10-05;GOOGLE_DRIVE_SOURCE;SAME_SPECIMEN_COLLECTION;SPECIES_LABEL_CONFIRMED_BY_USER_2026-10-05","IMG_20260917_164643136.jpg","data_staging/google_drive_dataset/jpeg/IMG_20260917_164643136.jpg","Plant_Dataset/Plant_012_Globe_Amaranth/original/Plant_012_SRC_017_ORG.jpg","08D642F82D37D86DEC6BE6A7F610A2E726AFEAB35190F3D2CFAAC3744A2DC72A"
"Plant_012_SRC_018_ORG","Plant_012","Globe_Amaranth","Plant_012_SRC_018","Plant_012_SRC_018","Plant_012_COLLECTION_001","Original","None","Keep","LABEL_CONFIRMED_2026-10-05;GOOGLE_DRIVE_SOURCE;SAME_SPECIMEN_COLLECTION;SPECIES_LABEL_CONFIRMED_BY_USER_2026-10-05","IMG_20260917_164646591.jpg","data_staging/google_drive_dataset/jpeg/IMG_20260917_164646591.jpg","Plant_Dataset/Plant_012_Globe_Amaranth/original/Plant_012_SRC_018_ORG.jpg","AD849C5D3C63219956547A14F30567243705C3B2B4E56E3702C8808AB7496FC8"
"Plant_012_SRC_019_ORG","Plant_012","Globe_Amaranth","Plant_012_SRC_019","Plant_012_SRC_019","Plant_012_COLLECTION_001","Original","None","Keep","LABEL_CONFIRMED_2026-10-05;GOOGLE_DRIVE_SOURCE;SAME_SPECIMEN_COLLECTION;SPECIES_LABEL_CONFIRMED_BY_USER_2026-10-05","IMG_20260917_164648994.jpg","data_staging/google_drive_dataset/jpeg/IMG_20260917_164648994.jpg","Plant_Dataset/Plant_012_Globe_Amaranth/original/Plant_012_SRC_019_ORG.jpg","B1A8A46713A20EDA748D3147FB7364FCD6BDD580E9FA9BC5545621C2C3A5B204"
"Plant_012_SRC_020_ORG","Plant_012","Globe_Amaranth","Plant_012_SRC_020","Plant_012_SRC_020","Plant_012_COLLECTION_001","Original","None","Keep","LABEL_CONFIRMED_2026-10-05;GOOGLE_DRIVE_SOURCE;SAME_SPECIMEN_COLLECTION;SPECIES_LABEL_CONFIRMED_BY_USER_2026-10-05","IMG_20260917_164650948.jpg","data_staging/google_drive_dataset/jpeg/IMG_20260917_164650948.jpg","Plant_Dataset/Plant_012_Globe_Amaranth/original/Plant_012_SRC_020_ORG.jpg","CBC4E8A13567B89DBB3BABD6B5CEFC3EF5DB7E07AF1CBBD4DC726A88D14CB737"
"Plant_012_SRC_021_ORG","Plant_012","Globe_Amaranth","Plant_012_SRC_021","Plant_012_SRC_021","Plant_012_COLLECTION_001","Original","None","Keep","LABEL_CONFIRMED_2026-10-05;GOOGLE_DRIVE_SOURCE;SAME_SPECIMEN_COLLECTION;SPECIES_LABEL_CONFIRMED_BY_USER_2026-10-05","IMG_20260917_164655427.jpg","data_staging/google_drive_dataset/jpeg/IMG_20260917_164655427.jpg","Plant_Dataset/Plant_012_Globe_Amaranth/original/Plant_012_SRC_021_ORG.jpg","A4BB32FB4BC87ED16DEB99DD7D6161B39D0D5F3EDDFF6173135DD69C49A83936"
"Plant_012_SRC_022_ORG","Plant_012","Globe_Amaranth","Plant_012_SRC_022","Plant_012_SRC_022","Plant_012_COLLECTION_001","Original","None","Keep","LABEL_CONFIRMED_2026-10-05;GOOGLE_DRIVE_SOURCE;SAME_SPECIMEN_COLLECTION;SPECIES_LABEL_CONFIRMED_BY_USER_2026-10-05","IMG_20260917_164715643.jpg","data_staging/google_drive_dataset/jpeg/IMG_20260917_164715643.jpg","Plant_Dataset/Plant_012_Globe_Amaranth/original/Plant_012_SRC_022_ORG.jpg","0045BDD507E7D02A01C8F0B26D04BA6830A0E338DBA1CBA3F94F5652A49ACD9B"
"Plant_013_SRC_001_ORG","Plant_013","Lantana_camara","Plant_013_SRC_001","Plant_013_SRC_001","Plant_013_COLLECTION_001","Original","None","Keep","LABEL_CONFIRMED_2026-10-05;GOOGLE_DRIVE_SOURCE;SAME_SPECIMEN_COLLECTION;SPECIES_LABEL_CONFIRMED_BY_USER_2026-10-05","IMG_20260917_164851517.jpg","data_staging/google_drive_dataset/jpeg/IMG_20260917_164851517.jpg","Plant_Dataset/Plant_013_Lantana_camara/original/Plant_013_SRC_001_ORG.jpg","0BB6569FA64FD8BC3DD223FBC55E76FDA43E6531CAFEB0F337DE3AE3829A4181"
"Plant_013_SRC_002_ORG","Plant_013","Lantana_camara","Plant_013_SRC_002","Plant_013_SRC_002","Plant_013_COLLECTION_001","Original","None","Keep","LABEL_CONFIRMED_2026-10-05;GOOGLE_DRIVE_SOURCE;SAME_SPECIMEN_COLLECTION;SPECIES_LABEL_CONFIRMED_BY_USER_2026-10-05","IMG_20260917_164905032.jpg","data_staging/google_drive_dataset/jpeg/IMG_20260917_164905032.jpg","Plant_Dataset/Plant_013_Lantana_camara/original/Plant_013_SRC_002_ORG.jpg","44D1FC0668AC34A8C9639E4F8C17F6F5EF4CBF4AF0CBDF42FAC65009233F91B5"
"Plant_013_SRC_003_ORG","Plant_013","Lantana_camara","Plant_013_SRC_003","Plant_013_SRC_003","Plant_013_COLLECTION_001","Original","None","Keep","LABEL_CONFIRMED_2026-10-05;GOOGLE_DRIVE_SOURCE;SAME_SPECIMEN_COLLECTION;SPECIES_LABEL_CONFIRMED_BY_USER_2026-10-05","IMG_20260917_164909773.jpg","data_staging/google_drive_dataset/jpeg/IMG_20260917_164909773.jpg","Plant_Dataset/Plant_013_Lantana_camara/original/Plant_013_SRC_003_ORG.jpg","3F260D0968A79AAB6D881CB4B7DCEC2B614CB676AA660020764704660770D5EA"
"Plant_013_SRC_004_ORG","Plant_013","Lantana_camara","Plant_013_SRC_004","Plant_013_SRC_004","Plant_013_COLLECTION_001","Original","None","Keep","LABEL_CONFIRMED_2026-10-05;GOOGLE_DRIVE_SOURCE;SAME_SPECIMEN_COLLECTION;SPECIES_LABEL_CONFIRMED_BY_USER_2026-10-05","IMG_20260917_164913643.jpg","data_staging/google_drive_dataset/jpeg/IMG_20260917_164913643.jpg","Plant_Dataset/Plant_013_Lantana_camara/original/Plant_013_SRC_004_ORG.jpg","8BBA85FAF299B4B43A1B0AB56DFCA4B258CE7B8E95AD69E646AFA6B1A4C55D6D"
"Plant_013_SRC_005_ORG","Plant_013","Lantana_camara","Plant_013_SRC_005","Plant_013_SRC_005","Plant_013_COLLECTION_001","Original","None","Keep","LABEL_CONFIRMED_2026-10-05;GOOGLE_DRIVE_SOURCE;SAME_SPECIMEN_COLLECTION;SPECIES_LABEL_CONFIRMED_BY_USER_2026-10-05","IMG_20260917_164915541.jpg","data_staging/google_drive_dataset/jpeg/IMG_20260917_164915541.jpg","Plant_Dataset/Plant_013_Lantana_camara/original/Plant_013_SRC_005_ORG.jpg","243683870D3C9178D1CF2612C7D8D4994E813D6DA7C29A95937A87564A49B0C9"
"Plant_013_SRC_006_ORG","Plant_013","Lantana_camara","Plant_013_SRC_006","Plant_013_SRC_006","Plant_013_COLLECTION_001","Original","None","Keep","LABEL_CONFIRMED_2026-10-05;GOOGLE_DRIVE_SOURCE;SAME_SPECIMEN_COLLECTION;SPECIES_LABEL_CONFIRMED_BY_USER_2026-10-05","IMG_20260917_164921317.jpg","data_staging/google_drive_dataset/jpeg/IMG_20260917_164921317.jpg","Plant_Dataset/Plant_013_Lantana_camara/original/Plant_013_SRC_006_ORG.jpg","43E5AF9C748E1DAB7279D831670DE049AE7A45480C386DEB90EDAACEAF5A0CAF"
"Plant_013_SRC_007_ORG","Plant_013","Lantana_camara","Plant_013_SRC_007","Plant_013_SRC_007","Plant_013_COLLECTION_001","Original","None","Keep","LABEL_CONFIRMED_2026-10-05;GOOGLE_DRIVE_SOURCE;SAME_SPECIMEN_COLLECTION;SPECIES_LABEL_CONFIRMED_BY_USER_2026-10-05","IMG_20260917_164939321.jpg","data_staging/google_drive_dataset/jpeg/IMG_20260917_164939321.jpg","Plant_Dataset/Plant_013_Lantana_camara/original/Plant_013_SRC_007_ORG.jpg","25EA240B6F7BAAAE68189D3B7EF7D8795F635258620A1DC177018A626A909686"
"Plant_013_SRC_008_ORG","Plant_013","Lantana_camara","Plant_013_SRC_008","Plant_013_SRC_008","Plant_013_COLLECTION_001","Original","None","Keep","LABEL_CONFIRMED_2026-10-05;GOOGLE_DRIVE_SOURCE;SAME_SPECIMEN_COLLECTION;SPECIES_LABEL_CONFIRMED_BY_USER_2026-10-05","IMG_20260917_164944796.jpg","data_staging/google_drive_dataset/jpeg/IMG_20260917_164944796.jpg","Plant_Dataset/Plant_013_Lantana_camara/original/Plant_013_SRC_008_ORG.jpg","A14BB721A383F6086A7DA6796ACE98E53761353BB3A62CCBCCC171D9E90CB5BA"
"Plant_013_SRC_009_ORG","Plant_013","Lantana_camara","Plant_013_SRC_009","Plant_013_SRC_009","Plant_013_COLLECTION_001","Original","None","Keep","LABEL_CONFIRMED_2026-10-05;GOOGLE_DRIVE_SOURCE;SAME_SPECIMEN_COLLECTION;SPECIES_LABEL_CONFIRMED_BY_USER_2026-10-05","IMG_20260917_164947744.jpg","data_staging/google_drive_dataset/jpeg/IMG_20260917_164947744.jpg","Plant_Dataset/Plant_013_Lantana_camara/original/Plant_013_SRC_009_ORG.jpg","CE81655D83394CDE5C596600B3397E04E77D58F8188054DEDFC961C4A29AEF74"
"Plant_013_SRC_010_ORG","Plant_013","Lantana_camara","Plant_013_SRC_010","Plant_013_SRC_010","Plant_013_COLLECTION_001","Original","None","Keep","LABEL_CONFIRMED_2026-10-05;GOOGLE_DRIVE_SOURCE;SAME_SPECIMEN_COLLECTION;SPECIES_LABEL_CONFIRMED_BY_USER_2026-10-05","IMG_20260917_164951590.jpg","data_staging/google_drive_dataset/jpeg/IMG_20260917_164951590.jpg","Plant_Dataset/Plant_013_Lantana_camara/original/Plant_013_SRC_010_ORG.jpg","C528DFD93E48CE05F959421B3DC418578E202C5AAB9279287E18D9E5ABF991EE"
"Plant_013_SRC_011_ORG","Plant_013","Lantana_camara","Plant_013_SRC_011","Plant_013_SRC_011","Plant_013_COLLECTION_001","Original","None","Keep","LABEL_CONFIRMED_2026-10-05;GOOGLE_DRIVE_SOURCE;SAME_SPECIMEN_COLLECTION;SPECIES_LABEL_CONFIRMED_BY_USER_2026-10-05","IMG_20260917_164959236.jpg","data_staging/google_drive_dataset/jpeg/IMG_20260917_164959236.jpg","Plant_Dataset/Plant_013_Lantana_camara/original/Plant_013_SRC_011_ORG.jpg","B05DBCF200DF9D21A6F7CF2FAB68040799C0318A178B7810D9E7A2BA881DFB90"
"Plant_013_SRC_012_ORG","Plant_013","Lantana_camara","Plant_013_SRC_012","Plant_013_SRC_012","Plant_013_COLLECTION_001","Original","None","Keep","LABEL_CONFIRMED_2026-10-05;GOOGLE_DRIVE_SOURCE;SAME_SPECIMEN_COLLECTION;SPECIES_LABEL_CONFIRMED_BY_USER_2026-10-05","IMG_20260917_165004126.jpg","data_staging/google_drive_dataset/jpeg/IMG_20260917_165004126.jpg","Plant_Dataset/Plant_013_Lantana_camara/original/Plant_013_SRC_012_ORG.jpg","6C825667D0DCF7AB498C0C4FBD03130AAAF030F8440C857A06FC8623577DCD88"
"Plant_013_SRC_013_ORG","Plant_013","Lantana_camara","Plant_013_SRC_013","Plant_013_SRC_013","Plant_013_COLLECTION_001","Original","None","Keep","LABEL_CONFIRMED_2026-10-05;GOOGLE_DRIVE_SOURCE;SAME_SPECIMEN_COLLECTION;SPECIES_LABEL_CONFIRMED_BY_USER_2026-10-05","IMG_20260917_165022063.jpg","data_staging/google_drive_dataset/jpeg/IMG_20260917_165022063.jpg","Plant_Dataset/Plant_013_Lantana_camara/original/Plant_013_SRC_013_ORG.jpg","FEAC1E4C723D8043E880564AB0BE8BA2AD5D8CF8561656C1AE553AE8664C8D18"
"Plant_013_SRC_014_ORG","Plant_013","Lantana_camara","Plant_013_SRC_014","Plant_013_SRC_014","Plant_013_COLLECTION_001","Original","None","Keep","LABEL_CONFIRMED_2026-10-05;GOOGLE_DRIVE_SOURCE;SAME_SPECIMEN_COLLECTION;SPECIES_LABEL_CONFIRMED_BY_USER_2026-10-05","IMG_20260917_165032300.jpg","data_staging/google_drive_dataset/jpeg/IMG_20260917_165032300.jpg","Plant_Dataset/Plant_013_Lantana_camara/original/Plant_013_SRC_014_ORG.jpg","C456763F3E2E376B3FA110AAC538879E3C666862FA722C56DF7DEBA80D222953"
"Plant_013_SRC_015_ORG","Plant_013","Lantana_camara","Plant_013_SRC_015","Plant_013_SRC_015","Plant_013_COLLECTION_001","Original","None","Keep","LABEL_CONFIRMED_2026-10-05;GOOGLE_DRIVE_SOURCE;SAME_SPECIMEN_COLLECTION;SPECIES_LABEL_CONFIRMED_BY_USER_2026-10-05","IMG_20260917_165202222.jpg","data_staging/google_drive_dataset/jpeg/IMG_20260917_165202222.jpg","Plant_Dataset/Plant_013_Lantana_camara/original/Plant_013_SRC_015_ORG.jpg","3A93B62763B2A69E59C67BDB3682EAAFB1747728A391B355707BEB53911687EB"
"Plant_013_SRC_016_ORG","Plant_013","Lantana_camara","Plant_013_SRC_016","Plant_013_SRC_016","Plant_013_COLLECTION_001","Original","None","Keep","LABEL_CONFIRMED_2026-10-05;GOOGLE_DRIVE_SOURCE;SAME_SPECIMEN_COLLECTION;SPECIES_LABEL_CONFIRMED_BY_USER_2026-10-05","IMG_20260917_165208561.jpg","data_staging/google_drive_dataset/jpeg/IMG_20260917_165208561.jpg","Plant_Dataset/Plant_013_Lantana_camara/original/Plant_013_SRC_016_ORG.jpg","1297A6C13A80A2E0561B90B64327DBF3FD414C8DE0EE93476FBBE7BB9808F978"
"Plant_013_SRC_017_ORG","Plant_013","Lantana_camara","Plant_013_SRC_017","Plant_013_SRC_017","Plant_013_COLLECTION_001","Original","None","Keep","LABEL_CONFIRMED_2026-10-05;GOOGLE_DRIVE_SOURCE;SAME_SPECIMEN_COLLECTION;SPECIES_LABEL_CONFIRMED_BY_USER_2026-10-05","IMG_20260917_165214205.jpg","data_staging/google_drive_dataset/jpeg/IMG_20260917_165214205.jpg","Plant_Dataset/Plant_013_Lantana_camara/original/Plant_013_SRC_017_ORG.jpg","F6D0EBF1102BAB58FB3D3F86BE497129F435E66185116C6E17439833053FD923"
"Plant_013_SRC_018_ORG","Plant_013","Lantana_camara","Plant_013_SRC_018","Plant_013_SRC_018","Plant_013_COLLECTION_001","Original","None","Keep","LABEL_CONFIRMED_2026-10-05;GOOGLE_DRIVE_SOURCE;SAME_SPECIMEN_COLLECTION;SPECIES_LABEL_CONFIRMED_BY_USER_2026-10-05","IMG_20260917_165216418.jpg","data_staging/google_drive_dataset/jpeg/IMG_20260917_165216418.jpg","Plant_Dataset/Plant_013_Lantana_camara/original/Plant_013_SRC_018_ORG.jpg","34874430C3210CC8ECCE6F027BA154B2828E89B800A6ACB6CD790E7D414860A8"
"Plant_013_SRC_019_ORG","Plant_013","Lantana_camara","Plant_013_SRC_019","Plant_013_SRC_019","Plant_013_COLLECTION_001","Original","None","Keep","LABEL_CONFIRMED_2026-10-05;GOOGLE_DRIVE_SOURCE;SAME_SPECIMEN_COLLECTION;SPECIES_LABEL_CONFIRMED_BY_USER_2026-10-05","IMG_20260917_165236926.jpg","data_staging/google_drive_dataset/jpeg/IMG_20260917_165236926.jpg","Plant_Dataset/Plant_013_Lantana_camara/original/Plant_013_SRC_019_ORG.jpg","715DA70C95D079B85CA35727FE2C0FD30C1C3EB83240FAA16BCFEDEB0BD80ABD"
"Plant_013_SRC_020_ORG","Plant_013","Lantana_camara","Plant_013_SRC_020","Plant_013_SRC_020","Plant_013_COLLECTION_001","Original","None","Keep","LABEL_CONFIRMED_2026-10-05;GOOGLE_DRIVE_SOURCE;SAME_SPECIMEN_COLLECTION;SPECIES_LABEL_CONFIRMED_BY_USER_2026-10-05","IMG_20260917_165243482.jpg","data_staging/google_drive_dataset/jpeg/IMG_20260917_165243482.jpg","Plant_Dataset/Plant_013_Lantana_camara/original/Plant_013_SRC_020_ORG.jpg","D150ABB238D04897D82491C4AAFD7AE022E877A6FE1767336C2EE3C3B272BF8D"
"Plant_013_SRC_021_ORG","Plant_013","Lantana_camara","Plant_013_SRC_021","Plant_013_SRC_021","Plant_013_COLLECTION_001","Original","None","Keep","LABEL_CONFIRMED_2026-10-05;GOOGLE_DRIVE_SOURCE;SAME_SPECIMEN_COLLECTION;SPECIES_LABEL_CONFIRMED_BY_USER_2026-10-05","IMG_20260917_165312589.jpg","data_staging/google_drive_dataset/jpeg/IMG_20260917_165312589.jpg","Plant_Dataset/Plant_013_Lantana_camara/original/Plant_013_SRC_021_ORG.jpg","C0A870F1A49C2E79638E05EB8247811C62E40E00A930853A44ADC1C22A929867"
"Plant_013_SRC_022_ORG","Plant_013","Lantana_camara","Plant_013_SRC_022","Plant_013_SRC_022","Plant_013_COLLECTION_001","Original","None","Keep","LABEL_CONFIRMED_2026-10-05;GOOGLE_DRIVE_SOURCE;SAME_SPECIMEN_COLLECTION;SPECIES_LABEL_CONFIRMED_BY_USER_2026-10-05","IMG_20260917_165316385.jpg","data_staging/google_drive_dataset/jpeg/IMG_20260917_165316385.jpg","Plant_Dataset/Plant_013_Lantana_camara/original/Plant_013_SRC_022_ORG.jpg","7A4F215CA6F3F844DED99CB7CDB4D16B8AC7A968EACA5CF98C3522AF59563C92"
"Plant_013_SRC_023_ORG","Plant_013","Lantana_camara","Plant_013_SRC_023","Plant_013_SRC_023","Plant_013_COLLECTION_001","Original","None","Keep","LABEL_CONFIRMED_2026-10-05;GOOGLE_DRIVE_SOURCE;SAME_SPECIMEN_COLLECTION;SPECIES_LABEL_CONFIRMED_BY_USER_2026-10-05","IMG_20260917_165317907.jpg","data_staging/google_drive_dataset/jpeg/IMG_20260917_165317907.jpg","Plant_Dataset/Plant_013_Lantana_camara/original/Plant_013_SRC_023_ORG.jpg","EA7555C5BA1780D425817A8B38F3DB099BF3460D28E2399E47057AA00160862E"
"Plant_013_SRC_024_ORG","Plant_013","Lantana_camara","Plant_013_SRC_024","Plant_013_SRC_024","Plant_013_COLLECTION_001","Original","None","Keep","LABEL_CONFIRMED_2026-10-05;GOOGLE_DRIVE_SOURCE;SAME_SPECIMEN_COLLECTION;SPECIES_LABEL_CONFIRMED_BY_USER_2026-10-05","IMG_20260917_165326021.jpg","data_staging/google_drive_dataset/jpeg/IMG_20260917_165326021.jpg","Plant_Dataset/Plant_013_Lantana_camara/original/Plant_013_SRC_024_ORG.jpg","0AAA22FE50F8E006B213728EFC2B90BC7DA4C98B47D404542367A6A1313B2372"
"Plant_013_SRC_025_ORG","Plant_013","Lantana_camara","Plant_013_SRC_025","Plant_013_SRC_025","Plant_013_COLLECTION_001","Original","None","Keep","LABEL_CONFIRMED_2026-10-05;GOOGLE_DRIVE_SOURCE;SAME_SPECIMEN_COLLECTION;SPECIES_LABEL_CONFIRMED_BY_USER_2026-10-05","IMG_20260917_165332880.jpg","data_staging/google_drive_dataset/jpeg/IMG_20260917_165332880.jpg","Plant_Dataset/Plant_013_Lantana_camara/original/Plant_013_SRC_025_ORG.jpg","D69BC8736A4BF9D64E6E15DCBD591ED620A6E0A9FB82FF70042551D7738CF449"
"Plant_013_SRC_026_ORG","Plant_013","Lantana_camara","Plant_013_SRC_026","Plant_013_SRC_026","Plant_013_COLLECTION_001","Original","None","Keep","LABEL_CONFIRMED_2026-10-05;GOOGLE_DRIVE_SOURCE;SAME_SPECIMEN_COLLECTION;SPECIES_LABEL_CONFIRMED_BY_USER_2026-10-05","IMG_20260917_165335477.jpg","data_staging/google_drive_dataset/jpeg/IMG_20260917_165335477.jpg","Plant_Dataset/Plant_013_Lantana_camara/original/Plant_013_SRC_026_ORG.jpg","1D769E87AD6647C13A06B30DE292CE7F0663D831900C096EF79CF7EEEC5D63A2"
"Plant_013_SRC_027_ORG","Plant_013","Lantana_camara","Plant_013_SRC_027","Plant_013_SRC_027","Plant_013_COLLECTION_001","Original","None","Keep","LABEL_CONFIRMED_2026-10-05;GOOGLE_DRIVE_SOURCE;SAME_SPECIMEN_COLLECTION;SPECIES_LABEL_CONFIRMED_BY_USER_2026-10-05","IMG_20260917_165336689.jpg","data_staging/google_drive_dataset/jpeg/IMG_20260917_165336689.jpg","Plant_Dataset/Plant_013_Lantana_camara/original/Plant_013_SRC_027_ORG.jpg","0042EE28BFA56E36AF07E03314F6F30802584AA612EC20C504CFA015D8004A05"
"Plant_013_SRC_028_ORG","Plant_013","Lantana_camara","Plant_013_SRC_028","Plant_013_SRC_028","Plant_013_COLLECTION_001","Original","None","Keep","LABEL_CONFIRMED_2026-10-05;GOOGLE_DRIVE_SOURCE;SAME_SPECIMEN_COLLECTION;SPECIES_LABEL_CONFIRMED_BY_USER_2026-10-05","IMG_20260917_165355446.jpg","data_staging/google_drive_dataset/jpeg/IMG_20260917_165355446.jpg","Plant_Dataset/Plant_013_Lantana_camara/original/Plant_013_SRC_028_ORG.jpg","3F631CC979D7712DDFE34D4249CAE310716A2F75D34D1C4D3FE9DA57C2034296"
"Plant_013_SRC_029_ORG","Plant_013","Lantana_camara","Plant_013_SRC_029","Plant_013_SRC_029","Plant_013_COLLECTION_001","Original","None","Keep","LABEL_CONFIRMED_2026-10-05;GOOGLE_DRIVE_SOURCE;SAME_SPECIMEN_COLLECTION;SPECIES_LABEL_CONFIRMED_BY_USER_2026-10-05","IMG_20260917_165401720.jpg","data_staging/google_drive_dataset/jpeg/IMG_20260917_165401720.jpg","Plant_Dataset/Plant_013_Lantana_camara/original/Plant_013_SRC_029_ORG.jpg","322669A026690BEA7C1C4F4D07FCE1C313DFF3C4345A9FECD45E274D7746244C"
"Plant_013_SRC_030_ORG","Plant_013","Lantana_camara","Plant_013_SRC_030","Plant_013_SRC_030","Plant_013_COLLECTION_001","Original","None","Keep","LABEL_CONFIRMED_2026-10-05;GOOGLE_DRIVE_SOURCE;SAME_SPECIMEN_COLLECTION;SPECIES_LABEL_CONFIRMED_BY_USER_2026-10-05","IMG_20260917_165403920.jpg","data_staging/google_drive_dataset/jpeg/IMG_20260917_165403920.jpg","Plant_Dataset/Plant_013_Lantana_camara/original/Plant_013_SRC_030_ORG.jpg","3B181CB9BD36271ECBCB86282BCEA67917D24D605B0184DE35AD5FD8B2D054A0"
"Plant_013_SRC_031_ORG","Plant_013","Lantana_camara","Plant_013_SRC_031","Plant_013_SRC_031","Plant_013_COLLECTION_001","Original","None","Keep","LABEL_CONFIRMED_2026-10-05;GOOGLE_DRIVE_SOURCE;SAME_SPECIMEN_COLLECTION;SPECIES_LABEL_CONFIRMED_BY_USER_2026-10-05","IMG_20260917_165406475.jpg","data_staging/google_drive_dataset/jpeg/IMG_20260917_165406475.jpg","Plant_Dataset/Plant_013_Lantana_camara/original/Plant_013_SRC_031_ORG.jpg","45EE6A4B10C7ED1F90930182EE600089FEC1DCAA1C8BCF7167CE2DE3DFD3E50E"
"Plant_013_SRC_032_ORG","Plant_013","Lantana_camara","Plant_013_SRC_032","Plant_013_SRC_032","Plant_013_COLLECTION_001","Original","None","Keep","LABEL_CONFIRMED_2026-10-05;GOOGLE_DRIVE_SOURCE;SAME_SPECIMEN_COLLECTION;SPECIES_LABEL_CONFIRMED_BY_USER_2026-10-05","IMG_20260917_165408700.jpg","data_staging/google_drive_dataset/jpeg/IMG_20260917_165408700.jpg","Plant_Dataset/Plant_013_Lantana_camara/original/Plant_013_SRC_032_ORG.jpg","9DB1070129933704DA057F5969631D64A9E92660DA64E82B2CCA88B95308B497"
"Plant_013_SRC_033_ORG","Plant_013","Lantana_camara","Plant_013_SRC_033","Plant_013_SRC_033","Plant_013_COLLECTION_001","Original","None","Keep","LABEL_CONFIRMED_2026-10-05;GOOGLE_DRIVE_SOURCE;SAME_SPECIMEN_COLLECTION;SPECIES_LABEL_CONFIRMED_BY_USER_2026-10-05","IMG_20260917_165410924.jpg","data_staging/google_drive_dataset/jpeg/IMG_20260917_165410924.jpg","Plant_Dataset/Plant_013_Lantana_camara/original/Plant_013_SRC_033_ORG.jpg","0ADB614F8C3E4C466E12C82084E7ECA8BB8EF4CAB89E0E1665D3DB5551645C5E"
"Plant_014_SRC_001_ORG","Plant_014","Pink_Rain_Lily_Zephyranthes","Plant_014_SRC_001","Plant_014_SRC_001","Plant_014_COLLECTION_001","Original","None","Keep","LABEL_CONFIRMED_2026-10-05;GOOGLE_DRIVE_SOURCE;SAME_SPECIMEN_COLLECTION;SPECIES_LABEL_CONFIRMED_BY_USER_2026-10-05","IMG_20260917_165828025.jpg","data_staging/google_drive_dataset/jpeg/IMG_20260917_165828025.jpg","Plant_Dataset/Plant_014_Pink_Rain_Lily_Zephyranthes/original/Plant_014_SRC_001_ORG.jpg","D3FE2D908D4462217D4AB6A2D40D67D0CE8568E848A7EB176351AF91991C8116"
"Plant_014_SRC_002_ORG","Plant_014","Pink_Rain_Lily_Zephyranthes","Plant_014_SRC_002","Plant_014_SRC_002","Plant_014_COLLECTION_001","Original","None","Keep","LABEL_CONFIRMED_2026-10-05;GOOGLE_DRIVE_SOURCE;SAME_SPECIMEN_COLLECTION;SPECIES_LABEL_CONFIRMED_BY_USER_2026-10-05","IMG_20260917_165830463.jpg","data_staging/google_drive_dataset/jpeg/IMG_20260917_165830463.jpg","Plant_Dataset/Plant_014_Pink_Rain_Lily_Zephyranthes/original/Plant_014_SRC_002_ORG.jpg","A3C3951E338A4E4FDED0CAE25D34C471FE633B5EB04E4BFE4509539E03C6A503"
"Plant_014_SRC_003_ORG","Plant_014","Pink_Rain_Lily_Zephyranthes","Plant_014_SRC_003","Plant_014_SRC_003","Plant_014_COLLECTION_001","Original","None","Keep","LABEL_CONFIRMED_2026-10-05;GOOGLE_DRIVE_SOURCE;SAME_SPECIMEN_COLLECTION;SPECIES_LABEL_CONFIRMED_BY_USER_2026-10-05","IMG_20260917_165832413.jpg","data_staging/google_drive_dataset/jpeg/IMG_20260917_165832413.jpg","Plant_Dataset/Plant_014_Pink_Rain_Lily_Zephyranthes/original/Plant_014_SRC_003_ORG.jpg","955FA9B9CACA81D38D47D59A2D06B56C25258EE0E763F9F3A0B13CFCF51B06A1"
"Plant_014_SRC_004_ORG","Plant_014","Pink_Rain_Lily_Zephyranthes","Plant_014_SRC_004","Plant_014_SRC_004","Plant_014_COLLECTION_001","Original","None","Keep","LABEL_CONFIRMED_2026-10-05;GOOGLE_DRIVE_SOURCE;SAME_SPECIMEN_COLLECTION;SPECIES_LABEL_CONFIRMED_BY_USER_2026-10-05","IMG_20260917_165837358.jpg","data_staging/google_drive_dataset/jpeg/IMG_20260917_165837358.jpg","Plant_Dataset/Plant_014_Pink_Rain_Lily_Zephyranthes/original/Plant_014_SRC_004_ORG.jpg","AEF8F403A5440E4C802635747EAD19FAFA9FAD9BB9C99715FC577BD35848F39A"
"Plant_014_SRC_005_ORG","Plant_014","Pink_Rain_Lily_Zephyranthes","Plant_014_SRC_005","Plant_014_SRC_005","Plant_014_COLLECTION_001","Original","None","Keep","LABEL_CONFIRMED_2026-10-05;GOOGLE_DRIVE_SOURCE;SAME_SPECIMEN_COLLECTION;SPECIES_LABEL_CONFIRMED_BY_USER_2026-10-05","IMG_20260917_165840947.jpg","data_staging/google_drive_dataset/jpeg/IMG_20260917_165840947.jpg","Plant_Dataset/Plant_014_Pink_Rain_Lily_Zephyranthes/original/Plant_014_SRC_005_ORG.jpg","35F8EC5A4DC0940442DD5E73E9736FFB6B93448ACC18428B9742F329BB749EA2"
"Plant_014_SRC_006_ORG","Plant_014","Pink_Rain_Lily_Zephyranthes","Plant_014_SRC_006","Plant_014_SRC_006","Plant_014_COLLECTION_001","Original","None","Keep","LABEL_CONFIRMED_2026-10-05;GOOGLE_DRIVE_SOURCE;SAME_SPECIMEN_COLLECTION;SPECIES_LABEL_CONFIRMED_BY_USER_2026-10-05","IMG_20260917_165843044.jpg","data_staging/google_drive_dataset/jpeg/IMG_20260917_165843044.jpg","Plant_Dataset/Plant_014_Pink_Rain_Lily_Zephyranthes/original/Plant_014_SRC_006_ORG.jpg","6AAB90E2B30FC2FF2202FAABC8050EC1C8C64D872777DE2D3E3C6E8E15FB6B78"
"Plant_014_SRC_007_ORG","Plant_014","Pink_Rain_Lily_Zephyranthes","Plant_014_SRC_007","Plant_014_SRC_007","Plant_014_COLLECTION_001","Original","None","Keep","LABEL_CONFIRMED_2026-10-05;GOOGLE_DRIVE_SOURCE;SAME_SPECIMEN_COLLECTION;SPECIES_LABEL_CONFIRMED_BY_USER_2026-10-05","IMG_20260917_165843606.jpg","data_staging/google_drive_dataset/jpeg/IMG_20260917_165843606.jpg","Plant_Dataset/Plant_014_Pink_Rain_Lily_Zephyranthes/original/Plant_014_SRC_007_ORG.jpg","0D697253D63E873738FA403C15C608637C38A4B95F1EA7C566C67839D15D3038"
"Plant_014_SRC_008_ORG","Plant_014","Pink_Rain_Lily_Zephyranthes","Plant_014_SRC_008","Plant_014_SRC_008","Plant_014_COLLECTION_001","Original","None","Keep","LABEL_CONFIRMED_2026-10-05;GOOGLE_DRIVE_SOURCE;SAME_SPECIMEN_COLLECTION;SPECIES_LABEL_CONFIRMED_BY_USER_2026-10-05","IMG_20260917_165846268.jpg","data_staging/google_drive_dataset/jpeg/IMG_20260917_165846268.jpg","Plant_Dataset/Plant_014_Pink_Rain_Lily_Zephyranthes/original/Plant_014_SRC_008_ORG.jpg","387615AEFF2EA1343163C194CEFD1E9270BFCBF0843CC328F7BE84C3076D75F3"
"Plant_014_SRC_009_ORG","Plant_014","Pink_Rain_Lily_Zephyranthes","Plant_014_SRC_009","Plant_014_SRC_009","Plant_014_COLLECTION_001","Original","None","Keep","LABEL_CONFIRMED_2026-10-05;GOOGLE_DRIVE_SOURCE;SAME_SPECIMEN_COLLECTION;SPECIES_LABEL_CONFIRMED_BY_USER_2026-10-05","IMG_20260917_165849404.jpg","data_staging/google_drive_dataset/jpeg/IMG_20260917_165849404.jpg","Plant_Dataset/Plant_014_Pink_Rain_Lily_Zephyranthes/original/Plant_014_SRC_009_ORG.jpg","C5D543EC4690E42AFB980763111102A37E122B727B0A6D5F43B60AB4D4172A79"
"Plant_014_SRC_010_ORG","Plant_014","Pink_Rain_Lily_Zephyranthes","Plant_014_SRC_010","Plant_014_SRC_010","Plant_014_COLLECTION_001","Original","None","Keep","LABEL_CONFIRMED_2026-10-05;GOOGLE_DRIVE_SOURCE;SAME_SPECIMEN_COLLECTION;SPECIES_LABEL_CONFIRMED_BY_USER_2026-10-05","IMG_20260917_165852288.jpg","data_staging/google_drive_dataset/jpeg/IMG_20260917_165852288.jpg","Plant_Dataset/Plant_014_Pink_Rain_Lily_Zephyranthes/original/Plant_014_SRC_010_ORG.jpg","1B295503F2A53C14E40BAA89999EB11A5D76CF6901CB439B3EDA58AE7DA4B074"
"Plant_014_SRC_011_ORG","Plant_014","Pink_Rain_Lily_Zephyranthes","Plant_014_SRC_011","Plant_014_SRC_011","Plant_014_COLLECTION_001","Original","None","Keep","LABEL_CONFIRMED_2026-10-05;GOOGLE_DRIVE_SOURCE;SAME_SPECIMEN_COLLECTION;SPECIES_LABEL_CONFIRMED_BY_USER_2026-10-05","IMG_20260917_165854219.jpg","data_staging/google_drive_dataset/jpeg/IMG_20260917_165854219.jpg","Plant_Dataset/Plant_014_Pink_Rain_Lily_Zephyranthes/original/Plant_014_SRC_011_ORG.jpg","F746E79C610C44937964D390012E270CC28344000724652A7BD01729FD666536"
"Plant_014_SRC_012_ORG","Plant_014","Pink_Rain_Lily_Zephyranthes","Plant_014_SRC_012","Plant_014_SRC_012","Plant_014_COLLECTION_001","Original","None","Keep","LABEL_CONFIRMED_2026-10-05;GOOGLE_DRIVE_SOURCE;SAME_SPECIMEN_COLLECTION;SPECIES_LABEL_CONFIRMED_BY_USER_2026-10-05","IMG_20260917_165855778.jpg","data_staging/google_drive_dataset/jpeg/IMG_20260917_165855778.jpg","Plant_Dataset/Plant_014_Pink_Rain_Lily_Zephyranthes/original/Plant_014_SRC_012_ORG.jpg","51699C33F23ED1431C3EC14C24A9D2824510A3B626856B44102728115B739632"
"Plant_014_SRC_013_ORG","Plant_014","Pink_Rain_Lily_Zephyranthes","Plant_014_SRC_013","Plant_014_SRC_013","Plant_014_COLLECTION_001","Original","None","Keep","LABEL_CONFIRMED_2026-10-05;GOOGLE_DRIVE_SOURCE;SAME_SPECIMEN_COLLECTION;SPECIES_LABEL_CONFIRMED_BY_USER_2026-10-05","IMG_20260917_165908554.jpg","data_staging/google_drive_dataset/jpeg/IMG_20260917_165908554.jpg","Plant_Dataset/Plant_014_Pink_Rain_Lily_Zephyranthes/original/Plant_014_SRC_013_ORG.jpg","07BCEB2463D41B25938B27EC4E1D962382C2D003DB74C79DCF6AAF04E76AB26A"
"Plant_014_SRC_014_ORG","Plant_014","Pink_Rain_Lily_Zephyranthes","Plant_014_SRC_014","Plant_014_SRC_014","Plant_014_COLLECTION_001","Original","None","Keep","LABEL_CONFIRMED_2026-10-05;GOOGLE_DRIVE_SOURCE;SAME_SPECIMEN_COLLECTION;SPECIES_LABEL_CONFIRMED_BY_USER_2026-10-05","IMG_20260917_165909956.jpg","data_staging/google_drive_dataset/jpeg/IMG_20260917_165909956.jpg","Plant_Dataset/Plant_014_Pink_Rain_Lily_Zephyranthes/original/Plant_014_SRC_014_ORG.jpg","967E1E9B0C46B6CDC8B4E27833A82B271370F4A7AD1C439F1D8593320465D81F"
"Plant_014_SRC_015_ORG","Plant_014","Pink_Rain_Lily_Zephyranthes","Plant_014_SRC_015","Plant_014_SRC_015","Plant_014_COLLECTION_001","Original","None","Keep","LABEL_CONFIRMED_2026-10-05;GOOGLE_DRIVE_SOURCE;SAME_SPECIMEN_COLLECTION;SPECIES_LABEL_CONFIRMED_BY_USER_2026-10-05","IMG_20260917_165915395.jpg","data_staging/google_drive_dataset/jpeg/IMG_20260917_165915395.jpg","Plant_Dataset/Plant_014_Pink_Rain_Lily_Zephyranthes/original/Plant_014_SRC_015_ORG.jpg","7C2FDEB55F3846E01C1798093E29BEEDD819BCE045F706DC5BA0D02EDF211A75"
"Plant_014_SRC_016_ORG","Plant_014","Pink_Rain_Lily_Zephyranthes","Plant_014_SRC_016","Plant_014_SRC_016","Plant_014_COLLECTION_001","Original","None","Keep","LABEL_CONFIRMED_2026-10-05;GOOGLE_DRIVE_SOURCE;SAME_SPECIMEN_COLLECTION;SPECIES_LABEL_CONFIRMED_BY_USER_2026-10-05","IMG_20260917_165915826.jpg","data_staging/google_drive_dataset/jpeg/IMG_20260917_165915826.jpg","Plant_Dataset/Plant_014_Pink_Rain_Lily_Zephyranthes/original/Plant_014_SRC_016_ORG.jpg","DC19AA3441D416B8BE633A93E7ABD9478574E04ADA44FA7566F0F0165A645773"
"Plant_014_SRC_017_ORG","Plant_014","Pink_Rain_Lily_Zephyranthes","Plant_014_SRC_017","Plant_014_SRC_017","Plant_014_COLLECTION_001","Original","None","Keep","LABEL_CONFIRMED_2026-10-05;GOOGLE_DRIVE_SOURCE;SAME_SPECIMEN_COLLECTION;SPECIES_LABEL_CONFIRMED_BY_USER_2026-10-05","IMG_20260917_165919946.jpg","data_staging/google_drive_dataset/jpeg/IMG_20260917_165919946.jpg","Plant_Dataset/Plant_014_Pink_Rain_Lily_Zephyranthes/original/Plant_014_SRC_017_ORG.jpg","3B193A261F12E791B8F5CF4C5F1AD087754B1A94595AB1528D225276779D48BD"
"Plant_014_SRC_018_ORG","Plant_014","Pink_Rain_Lily_Zephyranthes","Plant_014_SRC_018","Plant_014_SRC_018","Plant_014_COLLECTION_001","Original","None","Keep","LABEL_CONFIRMED_2026-10-05;GOOGLE_DRIVE_SOURCE;SAME_SPECIMEN_COLLECTION;SPECIES_LABEL_CONFIRMED_BY_USER_2026-10-05","IMG_20260917_165941142.jpg","data_staging/google_drive_dataset/jpeg/IMG_20260917_165941142.jpg","Plant_Dataset/Plant_014_Pink_Rain_Lily_Zephyranthes/original/Plant_014_SRC_018_ORG.jpg","749A2DB5F587D7282D2C4A4D5472B321E2303D44E560258589F2226CE2D6427F"
"Plant_014_SRC_019_ORG","Plant_014","Pink_Rain_Lily_Zephyranthes","Plant_014_SRC_019","Plant_014_SRC_019","Plant_014_COLLECTION_001","Original","None","Keep","LABEL_CONFIRMED_2026-10-05;GOOGLE_DRIVE_SOURCE;SAME_SPECIMEN_COLLECTION;SPECIES_LABEL_CONFIRMED_BY_USER_2026-10-05","IMG_20260917_165942277.jpg","data_staging/google_drive_dataset/jpeg/IMG_20260917_165942277.jpg","Plant_Dataset/Plant_014_Pink_Rain_Lily_Zephyranthes/original/Plant_014_SRC_019_ORG.jpg","29E0D59DD3544BA197A222AB176076103AF29088279F8CCADFCC180630BDAAEC"
"Plant_014_SRC_020_ORG","Plant_014","Pink_Rain_Lily_Zephyranthes","Plant_014_SRC_020","Plant_014_SRC_020","Plant_014_COLLECTION_001","Original","None","Keep","LABEL_CONFIRMED_2026-10-05;GOOGLE_DRIVE_SOURCE;SAME_SPECIMEN_COLLECTION;SPECIES_LABEL_CONFIRMED_BY_USER_2026-10-05","IMG_20260917_170004265.jpg","data_staging/google_drive_dataset/jpeg/IMG_20260917_170004265.jpg","Plant_Dataset/Plant_014_Pink_Rain_Lily_Zephyranthes/original/Plant_014_SRC_020_ORG.jpg","4A48A677A3848230B53691AAB021AE34B9926F98B5E43D7B52619A349190ED6B"
"Plant_014_SRC_021_ORG","Plant_014","Pink_Rain_Lily_Zephyranthes","Plant_014_SRC_021","Plant_014_SRC_021","Plant_014_COLLECTION_001","Original","None","Keep","LABEL_CONFIRMED_2026-10-05;GOOGLE_DRIVE_SOURCE;SAME_SPECIMEN_COLLECTION;SPECIES_LABEL_CONFIRMED_BY_USER_2026-10-05","IMG_20260917_170006153.jpg","data_staging/google_drive_dataset/jpeg/IMG_20260917_170006153.jpg","Plant_Dataset/Plant_014_Pink_Rain_Lily_Zephyranthes/original/Plant_014_SRC_021_ORG.jpg","ACA130BB9A2D1E51800F72B3AFF10499A228841636243B753C64337E462FA914"
"Plant_014_SRC_022_ORG","Plant_014","Pink_Rain_Lily_Zephyranthes","Plant_014_SRC_022","Plant_014_SRC_022","Plant_014_COLLECTION_001","Original","None","Keep","LABEL_CONFIRMED_2026-10-05;GOOGLE_DRIVE_SOURCE;SAME_SPECIMEN_COLLECTION;SPECIES_LABEL_CONFIRMED_BY_USER_2026-10-05","IMG_20260917_170008911.jpg","data_staging/google_drive_dataset/jpeg/IMG_20260917_170008911.jpg","Plant_Dataset/Plant_014_Pink_Rain_Lily_Zephyranthes/original/Plant_014_SRC_022_ORG.jpg","D1D8E38B0787F9BCEE2F201019065C65978FD7C6D331AFDDC9FB14F7B38A2FE7"
"Plant_014_SRC_023_ORG","Plant_014","Pink_Rain_Lily_Zephyranthes","Plant_014_SRC_023","Plant_014_SRC_023","Plant_014_COLLECTION_001","Original","None","Keep","LABEL_CONFIRMED_2026-10-05;GOOGLE_DRIVE_SOURCE;SAME_SPECIMEN_COLLECTION;SPECIES_LABEL_CONFIRMED_BY_USER_2026-10-05","IMG_20260917_170026310.jpg","data_staging/google_drive_dataset/jpeg/IMG_20260917_170026310.jpg","Plant_Dataset/Plant_014_Pink_Rain_Lily_Zephyranthes/original/Plant_014_SRC_023_ORG.jpg","B1FA43947C20C19E7873F0A172CCE670A3427314472E02AE9C080F031BF37AAA"
"Plant_014_SRC_024_ORG","Plant_014","Pink_Rain_Lily_Zephyranthes","Plant_014_SRC_024","Plant_014_SRC_024","Plant_014_COLLECTION_001","Original","None","Keep","LABEL_CONFIRMED_2026-10-05;GOOGLE_DRIVE_SOURCE;SAME_SPECIMEN_COLLECTION;SPECIES_LABEL_CONFIRMED_BY_USER_2026-10-05","IMG_20260917_170031479.jpg","data_staging/google_drive_dataset/jpeg/IMG_20260917_170031479.jpg","Plant_Dataset/Plant_014_Pink_Rain_Lily_Zephyranthes/original/Plant_014_SRC_024_ORG.jpg","40DFCA453B86BC7D904497DA597C2D954E4F40E7F5D31F4340D0A5282C6240F5"
"Plant_014_SRC_025_ORG","Plant_014","Pink_Rain_Lily_Zephyranthes","Plant_014_SRC_025","Plant_014_SRC_025","Plant_014_COLLECTION_001","Original","None","Keep","LABEL_CONFIRMED_2026-10-05;GOOGLE_DRIVE_SOURCE;SAME_SPECIMEN_COLLECTION;SPECIES_LABEL_CONFIRMED_BY_USER_2026-10-05","IMG_20260917_170032119.jpg","data_staging/google_drive_dataset/jpeg/IMG_20260917_170032119.jpg","Plant_Dataset/Plant_014_Pink_Rain_Lily_Zephyranthes/original/Plant_014_SRC_025_ORG.jpg","6F0EC1A5C8E7761FD0BC4C91FB40F612537CD02831A3E0BF80E73B9E2461CBFA"
"Plant_014_SRC_026_ORG","Plant_014","Pink_Rain_Lily_Zephyranthes","Plant_014_SRC_026","Plant_014_SRC_026","Plant_014_COLLECTION_001","Original","None","Keep","LABEL_CONFIRMED_2026-10-05;GOOGLE_DRIVE_SOURCE;SAME_SPECIMEN_COLLECTION;SPECIES_LABEL_CONFIRMED_BY_USER_2026-10-05","IMG_20260917_170034654.jpg","data_staging/google_drive_dataset/jpeg/IMG_20260917_170034654.jpg","Plant_Dataset/Plant_014_Pink_Rain_Lily_Zephyranthes/original/Plant_014_SRC_026_ORG.jpg","DCB7CCBB6E2F386D0559F5F795C0BCFFC15776FA527CEEA3020636B0A4FF5B5C"
"Plant_014_SRC_027_ORG","Plant_014","Pink_Rain_Lily_Zephyranthes","Plant_014_SRC_027","Plant_014_SRC_027","Plant_014_COLLECTION_001","Original","None","Keep","LABEL_CONFIRMED_2026-10-05;GOOGLE_DRIVE_SOURCE;SAME_SPECIMEN_COLLECTION;SPECIES_LABEL_CONFIRMED_BY_USER_2026-10-05","IMG_20260917_170047073.jpg","data_staging/google_drive_dataset/jpeg/IMG_20260917_170047073.jpg","Plant_Dataset/Plant_014_Pink_Rain_Lily_Zephyranthes/original/Plant_014_SRC_027_ORG.jpg","3F7A49B012887199DF6F5D01AD35D51021851828147BBC5E98849732149BA8D4"
"Plant_014_SRC_028_ORG","Plant_014","Pink_Rain_Lily_Zephyranthes","Plant_014_SRC_028","Plant_014_SRC_028","Plant_014_COLLECTION_001","Original","None","Keep","LABEL_CONFIRMED_2026-10-05;GOOGLE_DRIVE_SOURCE;SAME_SPECIMEN_COLLECTION;SPECIES_LABEL_CONFIRMED_BY_USER_2026-10-05","IMG_20260917_170050647.jpg","data_staging/google_drive_dataset/jpeg/IMG_20260917_170050647.jpg","Plant_Dataset/Plant_014_Pink_Rain_Lily_Zephyranthes/original/Plant_014_SRC_028_ORG.jpg","41CAC81587239376413D70F7FE6B7D1A42D09BE4D1A52FB402F830DFE32E8BC0"
"Plant_014_SRC_029_ORG","Plant_014","Pink_Rain_Lily_Zephyranthes","Plant_014_SRC_029","Plant_014_SRC_029","Plant_014_COLLECTION_001","Original","None","Keep","LABEL_CONFIRMED_2026-10-05;GOOGLE_DRIVE_SOURCE;SAME_SPECIMEN_COLLECTION;SPECIES_LABEL_CONFIRMED_BY_USER_2026-10-05","IMG_20260917_170057095.jpg","data_staging/google_drive_dataset/jpeg/IMG_20260917_170057095.jpg","Plant_Dataset/Plant_014_Pink_Rain_Lily_Zephyranthes/original/Plant_014_SRC_029_ORG.jpg","A526FE9DF01B290FB59C5FBB583A8AC4E71BA471E1888C5A8F8E4F0E5C59DF22"
"Plant_014_SRC_030_ORG","Plant_014","Pink_Rain_Lily_Zephyranthes","Plant_014_SRC_030","Plant_014_SRC_030","Plant_014_COLLECTION_001","Original","None","Keep","LABEL_CONFIRMED_2026-10-05;GOOGLE_DRIVE_SOURCE;SAME_SPECIMEN_COLLECTION;SPECIES_LABEL_CONFIRMED_BY_USER_2026-10-05","IMG_20260917_170059842.jpg","data_staging/google_drive_dataset/jpeg/IMG_20260917_170059842.jpg","Plant_Dataset/Plant_014_Pink_Rain_Lily_Zephyranthes/original/Plant_014_SRC_030_ORG.jpg","E90DF7A6AB246326A65D0339ABD5E539CD28AC1776FD2BC7748DD5270C9651F7"
"Plant_014_SRC_031_ORG","Plant_014","Pink_Rain_Lily_Zephyranthes","Plant_014_SRC_031","Plant_014_SRC_031","Plant_014_COLLECTION_001","Original","None","Keep","LABEL_CONFIRMED_2026-10-05;GOOGLE_DRIVE_SOURCE;SAME_SPECIMEN_COLLECTION;SPECIES_LABEL_CONFIRMED_BY_USER_2026-10-05","IMG_20260917_170103598.jpg","data_staging/google_drive_dataset/jpeg/IMG_20260917_170103598.jpg","Plant_Dataset/Plant_014_Pink_Rain_Lily_Zephyranthes/original/Plant_014_SRC_031_ORG.jpg","524CDB14E96ED78AC700C5978443E9AC1D3E7F9D0A501BB9AA79D0639B0D7B80"
"Plant_014_SRC_032_ORG","Plant_014","Pink_Rain_Lily_Zephyranthes","Plant_014_SRC_032","Plant_014_SRC_032","Plant_014_COLLECTION_001","Original","None","Keep","LABEL_CONFIRMED_2026-10-05;GOOGLE_DRIVE_SOURCE;SAME_SPECIMEN_COLLECTION;SPECIES_LABEL_CONFIRMED_BY_USER_2026-10-05","IMG_20260917_170129272.jpg","data_staging/google_drive_dataset/jpeg/IMG_20260917_170129272.jpg","Plant_Dataset/Plant_014_Pink_Rain_Lily_Zephyranthes/original/Plant_014_SRC_032_ORG.jpg","72C4C85EA7CCE538856B64A55091C978DAAFE710CD89DB1637A48A95AC344FC0"
"Plant_015_SRC_001_ORG","Plant_015","Ocimum_sanctum","Plant_015_SRC_001","Plant_015_SRC_001","Plant_015_COLLECTION_001","Original","None","Keep","LABEL_CONFIRMED_2026-10-05;GOOGLE_DRIVE_SOURCE;SAME_SPECIMEN_COLLECTION;SPECIES_LABEL_CONFIRMED_BY_USER_2026-10-05","IMG_20260917_170307619.jpg","data_staging/google_drive_dataset/jpeg/IMG_20260917_170307619.jpg","Plant_Dataset/Plant_015_Ocimum_sanctum/original/Plant_015_SRC_001_ORG.jpg","2BE37385226A947CC16569159C16A0434EC847508C995565C4E18F60F5C3DD27"
"Plant_015_SRC_002_ORG","Plant_015","Ocimum_sanctum","Plant_015_SRC_002","Plant_015_SRC_002","Plant_015_COLLECTION_001","Original","None","Keep","LABEL_CONFIRMED_2026-10-05;GOOGLE_DRIVE_SOURCE;SAME_SPECIMEN_COLLECTION;SPECIES_LABEL_CONFIRMED_BY_USER_2026-10-05","IMG_20260917_170310370.jpg","data_staging/google_drive_dataset/jpeg/IMG_20260917_170310370.jpg","Plant_Dataset/Plant_015_Ocimum_sanctum/original/Plant_015_SRC_002_ORG.jpg","7DB7A84F12A73266C220280ECD9E09A3BA1C61473EAC510F9983B10612C84260"
"Plant_015_SRC_003_ORG","Plant_015","Ocimum_sanctum","Plant_015_SRC_003","Plant_015_SRC_003","Plant_015_COLLECTION_001","Original","None","Keep","LABEL_CONFIRMED_2026-10-05;GOOGLE_DRIVE_SOURCE;SAME_SPECIMEN_COLLECTION;SPECIES_LABEL_CONFIRMED_BY_USER_2026-10-05","IMG_20260917_170311158.jpg","data_staging/google_drive_dataset/jpeg/IMG_20260917_170311158.jpg","Plant_Dataset/Plant_015_Ocimum_sanctum/original/Plant_015_SRC_003_ORG.jpg","D34B5964F86BFE14056494E914A6F8AF527F16E0DCA063B5787A60B19EB916E6"
"Plant_015_SRC_004_ORG","Plant_015","Ocimum_sanctum","Plant_015_SRC_004","Plant_015_SRC_004","Plant_015_COLLECTION_001","Original","None","Keep","LABEL_CONFIRMED_2026-10-05;GOOGLE_DRIVE_SOURCE;SAME_SPECIMEN_COLLECTION;SPECIES_LABEL_CONFIRMED_BY_USER_2026-10-05","IMG_20260917_170316098.jpg","data_staging/google_drive_dataset/jpeg/IMG_20260917_170316098.jpg","Plant_Dataset/Plant_015_Ocimum_sanctum/original/Plant_015_SRC_004_ORG.jpg","3DF117C601F4E16BF61123D65DB299A24AF80D962718839D743433CF29933DCC"
"Plant_015_SRC_005_ORG","Plant_015","Ocimum_sanctum","Plant_015_SRC_005","Plant_015_SRC_005","Plant_015_COLLECTION_001","Original","None","Keep","LABEL_CONFIRMED_2026-10-05;GOOGLE_DRIVE_SOURCE;SAME_SPECIMEN_COLLECTION;SPECIES_LABEL_CONFIRMED_BY_USER_2026-10-05","IMG_20260917_170317372.jpg","data_staging/google_drive_dataset/jpeg/IMG_20260917_170317372.jpg","Plant_Dataset/Plant_015_Ocimum_sanctum/original/Plant_015_SRC_005_ORG.jpg","B847564CFBE1444FB0DE5E8DE93DBE54F75B7E1C9DC07C9AD6D3909EFA0C84E9"
"Plant_015_SRC_006_ORG","Plant_015","Ocimum_sanctum","Plant_015_SRC_006","Plant_015_SRC_006","Plant_015_COLLECTION_001","Original","None","Keep","LABEL_CONFIRMED_2026-10-05;GOOGLE_DRIVE_SOURCE;SAME_SPECIMEN_COLLECTION;SPECIES_LABEL_CONFIRMED_BY_USER_2026-10-05","IMG_20260917_170320234.jpg","data_staging/google_drive_dataset/jpeg/IMG_20260917_170320234.jpg","Plant_Dataset/Plant_015_Ocimum_sanctum/original/Plant_015_SRC_006_ORG.jpg","B13F78EC04D0FEBFD6FB10E5CDE61D45D7702AEC7EA5A68F699B71342361E1CC"
"Plant_015_SRC_007_ORG","Plant_015","Ocimum_sanctum","Plant_015_SRC_007","Plant_015_SRC_007","Plant_015_COLLECTION_001","Original","None","Keep","LABEL_CONFIRMED_2026-10-05;GOOGLE_DRIVE_SOURCE;SAME_SPECIMEN_COLLECTION;SPECIES_LABEL_CONFIRMED_BY_USER_2026-10-05","IMG_20260917_170321643.jpg","data_staging/google_drive_dataset/jpeg/IMG_20260917_170321643.jpg","Plant_Dataset/Plant_015_Ocimum_sanctum/original/Plant_015_SRC_007_ORG.jpg","E9EDCCD6C0CA3D82BD4E60EE8CC323E6BDBEA28361281DF0907D12ACD0EF15CA"
"Plant_015_SRC_008_ORG","Plant_015","Ocimum_sanctum","Plant_015_SRC_008","Plant_015_SRC_008","Plant_015_COLLECTION_001","Original","None","Keep","LABEL_CONFIRMED_2026-10-05;GOOGLE_DRIVE_SOURCE;SAME_SPECIMEN_COLLECTION;SPECIES_LABEL_CONFIRMED_BY_USER_2026-10-05","IMG_20260917_170325945.jpg","data_staging/google_drive_dataset/jpeg/IMG_20260917_170325945.jpg","Plant_Dataset/Plant_015_Ocimum_sanctum/original/Plant_015_SRC_008_ORG.jpg","B3E8A46318911743DA4D92C41D50C2B30AA1DACD4674980D76780833B0320731"
"Plant_015_SRC_009_ORG","Plant_015","Ocimum_sanctum","Plant_015_SRC_009","Plant_015_SRC_009","Plant_015_COLLECTION_001","Original","None","Keep","LABEL_CONFIRMED_2026-10-05;GOOGLE_DRIVE_SOURCE;SAME_SPECIMEN_COLLECTION;SPECIES_LABEL_CONFIRMED_BY_USER_2026-10-05","IMG_20260917_170328014.jpg","data_staging/google_drive_dataset/jpeg/IMG_20260917_170328014.jpg","Plant_Dataset/Plant_015_Ocimum_sanctum/original/Plant_015_SRC_009_ORG.jpg","58E9F3E3F94A6DAE7BA3C834DF76CB8B7CFB9BD7F4C5CED9AEB6B74BB345A30F"
"Plant_015_SRC_010_ORG","Plant_015","Ocimum_sanctum","Plant_015_SRC_010","Plant_015_SRC_010","Plant_015_COLLECTION_001","Original","None","Keep","LABEL_CONFIRMED_2026-10-05;GOOGLE_DRIVE_SOURCE;SAME_SPECIMEN_COLLECTION;SPECIES_LABEL_CONFIRMED_BY_USER_2026-10-05","IMG_20260917_170333521.jpg","data_staging/google_drive_dataset/jpeg/IMG_20260917_170333521.jpg","Plant_Dataset/Plant_015_Ocimum_sanctum/original/Plant_015_SRC_010_ORG.jpg","F89AA4B047C70FB1E18BF09D120DDAFDAF0AE9E3BA684A600B0E570DAAE44A14"
"Plant_015_SRC_011_ORG","Plant_015","Ocimum_sanctum","Plant_015_SRC_011","Plant_015_SRC_011","Plant_015_COLLECTION_001","Original","None","Keep","LABEL_CONFIRMED_2026-10-05;GOOGLE_DRIVE_SOURCE;SAME_SPECIMEN_COLLECTION;SPECIES_LABEL_CONFIRMED_BY_USER_2026-10-05","IMG_20260917_170337607.jpg","data_staging/google_drive_dataset/jpeg/IMG_20260917_170337607.jpg","Plant_Dataset/Plant_015_Ocimum_sanctum/original/Plant_015_SRC_011_ORG.jpg","CE3B644A48450A7681AA9D34A0AA6EB36C354C87BBBD69ED93DA0CE04F98DD08"
"Plant_015_SRC_012_ORG","Plant_015","Ocimum_sanctum","Plant_015_SRC_012","Plant_015_SRC_012","Plant_015_COLLECTION_001","Original","None","Keep","LABEL_CONFIRMED_2026-10-05;GOOGLE_DRIVE_SOURCE;SAME_SPECIMEN_COLLECTION;SPECIES_LABEL_CONFIRMED_BY_USER_2026-10-05","IMG_20260917_170356638.jpg","data_staging/google_drive_dataset/jpeg/IMG_20260917_170356638.jpg","Plant_Dataset/Plant_015_Ocimum_sanctum/original/Plant_015_SRC_012_ORG.jpg","2CDBFFEF14373B016FE90BCF78FB25DC6678A263430C6F2E9AC745F7206B3F93"
"Plant_015_SRC_013_ORG","Plant_015","Ocimum_sanctum","Plant_015_SRC_013","Plant_015_SRC_013","Plant_015_COLLECTION_001","Original","None","Keep","LABEL_CONFIRMED_2026-10-05;GOOGLE_DRIVE_SOURCE;SAME_SPECIMEN_COLLECTION;SPECIES_LABEL_CONFIRMED_BY_USER_2026-10-05","IMG_20260917_170358465.jpg","data_staging/google_drive_dataset/jpeg/IMG_20260917_170358465.jpg","Plant_Dataset/Plant_015_Ocimum_sanctum/original/Plant_015_SRC_013_ORG.jpg","D951A4A4DCD2F92B33FB0997C62A7B3A4C0B393BC65C8160402A793C2A6065B8"
"Plant_015_SRC_014_ORG","Plant_015","Ocimum_sanctum","Plant_015_SRC_014","Plant_015_SRC_014","Plant_015_COLLECTION_001","Original","None","Keep","LABEL_CONFIRMED_2026-10-05;GOOGLE_DRIVE_SOURCE;SAME_SPECIMEN_COLLECTION;SPECIES_LABEL_CONFIRMED_BY_USER_2026-10-05","IMG_20260917_170405526.jpg","data_staging/google_drive_dataset/jpeg/IMG_20260917_170405526.jpg","Plant_Dataset/Plant_015_Ocimum_sanctum/original/Plant_015_SRC_014_ORG.jpg","FA6D5E451560D3F3BB00BCCC853104A43F629CC4C21A97CA7AF72F2E5C5D3A71"
"Plant_015_SRC_015_ORG","Plant_015","Ocimum_sanctum","Plant_015_SRC_015","Plant_015_SRC_015","Plant_015_COLLECTION_001","Original","None","Keep","LABEL_CONFIRMED_2026-10-05;GOOGLE_DRIVE_SOURCE;SAME_SPECIMEN_COLLECTION;SPECIES_LABEL_CONFIRMED_BY_USER_2026-10-05","IMG_20260917_170414229.jpg","data_staging/google_drive_dataset/jpeg/IMG_20260917_170414229.jpg","Plant_Dataset/Plant_015_Ocimum_sanctum/original/Plant_015_SRC_015_ORG.jpg","550340530CBCF6A89718CF69DA1C27570CBE14C7238A161D96F801AF3BD2546C"
"Plant_015_SRC_016_ORG","Plant_015","Ocimum_sanctum","Plant_015_SRC_016","Plant_015_SRC_016","Plant_015_COLLECTION_001","Original","None","Keep","LABEL_CONFIRMED_2026-10-05;GOOGLE_DRIVE_SOURCE;SAME_SPECIMEN_COLLECTION;SPECIES_LABEL_CONFIRMED_BY_USER_2026-10-05","IMG_20260917_170437281.jpg","data_staging/google_drive_dataset/jpeg/IMG_20260917_170437281.jpg","Plant_Dataset/Plant_015_Ocimum_sanctum/original/Plant_015_SRC_016_ORG.jpg","887F2B185375E602F570E4575E73E40C4950DCF02E9FA4FBCBA7CD34957A727E"
"Plant_015_SRC_017_ORG","Plant_015","Ocimum_sanctum","Plant_015_SRC_017","Plant_015_SRC_017","Plant_015_COLLECTION_001","Original","None","Keep","LABEL_CONFIRMED_2026-10-05;GOOGLE_DRIVE_SOURCE;SAME_SPECIMEN_COLLECTION;SPECIES_LABEL_CONFIRMED_BY_USER_2026-10-05","IMG_20260917_170446190.jpg","data_staging/google_drive_dataset/jpeg/IMG_20260917_170446190.jpg","Plant_Dataset/Plant_015_Ocimum_sanctum/original/Plant_015_SRC_017_ORG.jpg","632FEA40C06BBAE77BEA164323EF8F3B595D13BEA9EA5961E516D66065F9399A"
"Plant_015_SRC_018_ORG","Plant_015","Ocimum_sanctum","Plant_015_SRC_018","Plant_015_SRC_018","Plant_015_COLLECTION_001","Original","None","Keep","LABEL_CONFIRMED_2026-10-05;GOOGLE_DRIVE_SOURCE;SAME_SPECIMEN_COLLECTION;SPECIES_LABEL_CONFIRMED_BY_USER_2026-10-05","IMG_20260917_170455940.jpg","data_staging/google_drive_dataset/jpeg/IMG_20260917_170455940.jpg","Plant_Dataset/Plant_015_Ocimum_sanctum/original/Plant_015_SRC_018_ORG.jpg","3F157BB4A119B9449D11D5B9C9BABF526455F0BF79638FBB9AF7F1D938BB4641"
"Plant_015_SRC_019_ORG","Plant_015","Ocimum_sanctum","Plant_015_SRC_019","Plant_015_SRC_019","Plant_015_COLLECTION_001","Original","None","Keep","LABEL_CONFIRMED_2026-10-05;GOOGLE_DRIVE_SOURCE;SAME_SPECIMEN_COLLECTION;SPECIES_LABEL_CONFIRMED_BY_USER_2026-10-05","IMG_20260917_170457354.jpg","data_staging/google_drive_dataset/jpeg/IMG_20260917_170457354.jpg","Plant_Dataset/Plant_015_Ocimum_sanctum/original/Plant_015_SRC_019_ORG.jpg","448F5E93E8B301E369F23E7B2C64D10D89C4DD642A183B80B93BF628C57060E1"
"Plant_015_SRC_020_ORG","Plant_015","Ocimum_sanctum","Plant_015_SRC_020","Plant_015_SRC_020","Plant_015_COLLECTION_001","Original","None","Keep","LABEL_CONFIRMED_2026-10-05;GOOGLE_DRIVE_SOURCE;SAME_SPECIMEN_COLLECTION;SPECIES_LABEL_CONFIRMED_BY_USER_2026-10-05","IMG_20260917_170506374.jpg","data_staging/google_drive_dataset/jpeg/IMG_20260917_170506374.jpg","Plant_Dataset/Plant_015_Ocimum_sanctum/original/Plant_015_SRC_020_ORG.jpg","976B2C86411F03989EB19249BF6ED16870B02BD62B757F0DF5BBE387ABF4D7B7"
"Plant_015_SRC_021_ORG","Plant_015","Ocimum_sanctum","Plant_015_SRC_021","Plant_015_SRC_021","Plant_015_COLLECTION_001","Original","None","Keep","LABEL_CONFIRMED_2026-10-05;GOOGLE_DRIVE_SOURCE;SAME_SPECIMEN_COLLECTION;SPECIES_LABEL_CONFIRMED_BY_USER_2026-10-05","IMG_20260917_170508907.jpg","data_staging/google_drive_dataset/jpeg/IMG_20260917_170508907.jpg","Plant_Dataset/Plant_015_Ocimum_sanctum/original/Plant_015_SRC_021_ORG.jpg","FF0C5F018706CE6F88E522A85AB9D6C4DC857653363F771DA8AB2BD66B722688"
"Plant_015_SRC_022_ORG","Plant_015","Ocimum_sanctum","Plant_015_SRC_022","Plant_015_SRC_022","Plant_015_COLLECTION_001","Original","None","Keep","LABEL_CONFIRMED_2026-10-05;GOOGLE_DRIVE_SOURCE;SAME_SPECIMEN_COLLECTION;SPECIES_LABEL_CONFIRMED_BY_USER_2026-10-05","IMG_20260917_170516192.jpg","data_staging/google_drive_dataset/jpeg/IMG_20260917_170516192.jpg","Plant_Dataset/Plant_015_Ocimum_sanctum/original/Plant_015_SRC_022_ORG.jpg","681186387D0DA4E2908E8849B4F40633781BAADC149980ADE973F7D69617B705"
"Plant_010_SRC_001_AUG_001","Plant_010","Rosa_x_damascene","Plant_010_SRC_001","Plant_010_SRC_001","Plant_010_COLLECTION_001","Synthetic","GENERATED_GARDEN_SIDE_ANGLE","Keep","IMAGEGEN_BUILTIN;SOURCE_LINKED;VISUAL_QC_PASS_2026-10-05;SPECIES_LABEL_CONFIRMED_BY_USER_2026-10-05","IMG_20260917_162356412.jpg","Plant_Dataset/Plant_010_Rosa_x_damascene/original/Plant_010_SRC_001_ORG.jpg","Plant_Dataset/Plant_010_Rosa_x_damascene/generated/Plant_010_SRC_001_AUG_001.png","E2DC35FA4BD205CEFF0B7ABC086AA010D9874C46A1FDC66B4A2566113636151A"
"Plant_010_SRC_001_AUG_002","Plant_010","Rosa_x_damascene","Plant_010_SRC_001","Plant_010_SRC_001","Plant_010_COLLECTION_001","Synthetic","GENERATED_NEUTRAL_BACKGROUND_VIEWPOINT","Keep","IMAGEGEN_BUILTIN;SOURCE_LINKED;VISUAL_QC_PASS_2026-10-05;SPECIES_LABEL_CONFIRMED_BY_USER_2026-10-05","IMG_20260917_162356412.jpg","Plant_Dataset/Plant_010_Rosa_x_damascene/original/Plant_010_SRC_001_ORG.jpg","Plant_Dataset/Plant_010_Rosa_x_damascene/generated/Plant_010_SRC_001_AUG_002.png","B665E144AFF16B54CD7BB5EF5D865DE87E092793F713FDF7B26644CE0771AAD0"
"Plant_010_SRC_016_AUG_001","Plant_010","Rosa_x_damascene","Plant_010_SRC_016","Plant_010_SRC_016","Plant_010_COLLECTION_001","Synthetic","GENERATED_GARDEN_SIDE_ANGLE","Keep","IMAGEGEN_BUILTIN;SOURCE_LINKED;VISUAL_QC_PASS_2026-10-05;SPECIES_LABEL_CONFIRMED_BY_USER_2026-10-05","IMG_20260917_162720860.jpg","Plant_Dataset/Plant_010_Rosa_x_damascene/original/Plant_010_SRC_016_ORG.jpg","Plant_Dataset/Plant_010_Rosa_x_damascene/generated/Plant_010_SRC_016_AUG_001.png","ABE9F2C56AE05422889493EA3B83C684A344BC3594AB424096A9D4F9500CD3EA"
"Plant_010_SRC_016_AUG_002","Plant_010","Rosa_x_damascene","Plant_010_SRC_016","Plant_010_SRC_016","Plant_010_COLLECTION_001","Synthetic","GENERATED_NEUTRAL_BACKGROUND_VIEWPOINT","Keep","IMAGEGEN_BUILTIN;SOURCE_LINKED;VISUAL_QC_PASS_2026-10-05;SPECIES_LABEL_CONFIRMED_BY_USER_2026-10-05","IMG_20260917_162720860.jpg","Plant_Dataset/Plant_010_Rosa_x_damascene/original/Plant_010_SRC_016_ORG.jpg","Plant_Dataset/Plant_010_Rosa_x_damascene/generated/Plant_010_SRC_016_AUG_002.png","DC20A45C4A14A1A7265A2636163C95C48AF7B8A0C9B34C9B893E2C63060FFF34"
"Plant_010_SRC_035_AUG_001","Plant_010","Rosa_x_damascene","Plant_010_SRC_035","Plant_010_SRC_035","Plant_010_COLLECTION_001","Synthetic","GENERATED_GARDEN_SIDE_ANGLE","Keep","IMAGEGEN_BUILTIN;SOURCE_LINKED;VISUAL_QC_PASS_2026-10-05;SPECIES_LABEL_CONFIRMED_BY_USER_2026-10-05","IMG_20260917_163211409.jpg","Plant_Dataset/Plant_010_Rosa_x_damascene/original/Plant_010_SRC_035_ORG.jpg","Plant_Dataset/Plant_010_Rosa_x_damascene/generated/Plant_010_SRC_035_AUG_001.png","6BD7ACCB1BD485F6E593D80EF18D010A97159997938A11939F67D74CFAD6C402"
"Plant_010_SRC_035_AUG_002","Plant_010","Rosa_x_damascene","Plant_010_SRC_035","Plant_010_SRC_035","Plant_010_COLLECTION_001","Synthetic","GENERATED_NEUTRAL_BACKGROUND_VIEWPOINT","Keep","IMAGEGEN_BUILTIN;SOURCE_LINKED;VISUAL_QC_PASS_2026-10-05;SPECIES_LABEL_CONFIRMED_BY_USER_2026-10-05","IMG_20260917_163211409.jpg","Plant_Dataset/Plant_010_Rosa_x_damascene/original/Plant_010_SRC_035_ORG.jpg","Plant_Dataset/Plant_010_Rosa_x_damascene/generated/Plant_010_SRC_035_AUG_002.png","215453B0FB94D2155E0EEF33C4A0B2847E2F2F774E5D3FE13B574A8891AA727B"
"Plant_011_SRC_002_AUG_001","Plant_011","Codiaeum_variegatum","Plant_011_SRC_002","Plant_011_SRC_002","Plant_011_COLLECTION_001","Synthetic","GENERATED_GARDEN_SIDE_ANGLE","Keep","IMAGEGEN_BUILTIN;SOURCE_LINKED;VISUAL_QC_PASS_2026-10-05;SPECIES_LABEL_CONFIRMED_BY_USER_2026-10-05","IMG_20260917_164003252.jpg","Plant_Dataset/Plant_011_Codiaeum_variegatum/original/Plant_011_SRC_002_ORG.jpg","Plant_Dataset/Plant_011_Codiaeum_variegatum/generated/Plant_011_SRC_002_AUG_001.png","815F8BB39684BC37A20085136E6C18C4B98F2DBF3FF8E1AE585041C27E98E5AD"
"Plant_011_SRC_002_AUG_002","Plant_011","Codiaeum_variegatum","Plant_011_SRC_002","Plant_011_SRC_002","Plant_011_COLLECTION_001","Synthetic","GENERATED_NEUTRAL_BACKGROUND_VIEWPOINT","Keep","IMAGEGEN_BUILTIN;SOURCE_LINKED;VISUAL_QC_PASS_2026-10-05;SPECIES_LABEL_CONFIRMED_BY_USER_2026-10-05","IMG_20260917_164003252.jpg","Plant_Dataset/Plant_011_Codiaeum_variegatum/original/Plant_011_SRC_002_ORG.jpg","Plant_Dataset/Plant_011_Codiaeum_variegatum/generated/Plant_011_SRC_002_AUG_002.png","DA68DDC77898E2568D5554505ED237B16E8D8749CE3CF296103E9A2FC4A5D88D"
"Plant_012_SRC_004_AUG_001","Plant_012","Globe_Amaranth","Plant_012_SRC_004","Plant_012_SRC_004","Plant_012_COLLECTION_001","Synthetic","GENERATED_GARDEN_SIDE_ANGLE","Keep","IMAGEGEN_BUILTIN;SOURCE_LINKED;VISUAL_QC_PASS_2026-10-05;SPECIES_LABEL_CONFIRMED_BY_USER_2026-10-05","IMG_20260917_164448077.jpg","Plant_Dataset/Plant_012_Globe_Amaranth/original/Plant_012_SRC_004_ORG.jpg","Plant_Dataset/Plant_012_Globe_Amaranth/generated/Plant_012_SRC_004_AUG_001.png","8D9C45AABEE4E24133B471859D7EBCA5E98251B8C85C3EF48F81C4FE8ACCD9C4"
"Plant_012_SRC_004_AUG_002","Plant_012","Globe_Amaranth","Plant_012_SRC_004","Plant_012_SRC_004","Plant_012_COLLECTION_001","Synthetic","GENERATED_NEUTRAL_BACKGROUND_VIEWPOINT","Keep","IMAGEGEN_BUILTIN;SOURCE_LINKED;VISUAL_QC_PASS_2026-10-05;SPECIES_LABEL_CONFIRMED_BY_USER_2026-10-05","IMG_20260917_164448077.jpg","Plant_Dataset/Plant_012_Globe_Amaranth/original/Plant_012_SRC_004_ORG.jpg","Plant_Dataset/Plant_012_Globe_Amaranth/generated/Plant_012_SRC_004_AUG_002.png","C6038C76B9AE529595513D635AA6D05F9BD30327805BA075ACB7EB7C31125BF3"
"Plant_013_SRC_003_AUG_001","Plant_013","Lantana_camara","Plant_013_SRC_003","Plant_013_SRC_003","Plant_013_COLLECTION_001","Synthetic","GENERATED_GARDEN_SIDE_ANGLE","Keep","IMAGEGEN_BUILTIN;SOURCE_LINKED;VISUAL_QC_PASS_2026-10-05;SPECIES_LABEL_CONFIRMED_BY_USER_2026-10-05","IMG_20260917_164909773.jpg","Plant_Dataset/Plant_013_Lantana_camara/original/Plant_013_SRC_003_ORG.jpg","Plant_Dataset/Plant_013_Lantana_camara/generated/Plant_013_SRC_003_AUG_001.png","B5206047695C07269C571549F7618E33B78F5ABC684E1A3F79917BE0CFFEDE8D"
"Plant_013_SRC_003_AUG_002","Plant_013","Lantana_camara","Plant_013_SRC_003","Plant_013_SRC_003","Plant_013_COLLECTION_001","Synthetic","GENERATED_NEUTRAL_BACKGROUND_VIEWPOINT","Keep","IMAGEGEN_BUILTIN;SOURCE_LINKED;VISUAL_QC_PASS_2026-10-05;SPECIES_LABEL_CONFIRMED_BY_USER_2026-10-05","IMG_20260917_164909773.jpg","Plant_Dataset/Plant_013_Lantana_camara/original/Plant_013_SRC_003_ORG.jpg","Plant_Dataset/Plant_013_Lantana_camara/generated/Plant_013_SRC_003_AUG_002.png","BBEF047405A63CC12DA700798C0FF8FA594F9FABED8CE91BB69437A8AA17D91B"
"Plant_014_SRC_004_AUG_001","Plant_014","Pink_Rain_Lily_Zephyranthes","Plant_014_SRC_004","Plant_014_SRC_004","Plant_014_COLLECTION_001","Synthetic","GENERATED_GARDEN_SIDE_ANGLE","Keep","IMAGEGEN_BUILTIN;SOURCE_LINKED;VISUAL_QC_PASS_2026-10-05;SPECIES_LABEL_CONFIRMED_BY_USER_2026-10-05","IMG_20260917_165837358.jpg","Plant_Dataset/Plant_014_Pink_Rain_Lily_Zephyranthes/original/Plant_014_SRC_004_ORG.jpg","Plant_Dataset/Plant_014_Pink_Rain_Lily_Zephyranthes/generated/Plant_014_SRC_004_AUG_001.png","B8065685A6DAC325FDBF3CF235F6C9C90C64D1DD28D2E1C38042BC97FFE3234D"
"Plant_014_SRC_004_AUG_002","Plant_014","Pink_Rain_Lily_Zephyranthes","Plant_014_SRC_004","Plant_014_SRC_004","Plant_014_COLLECTION_001","Synthetic","GENERATED_NEUTRAL_BACKGROUND_VIEWPOINT","Keep","IMAGEGEN_BUILTIN;SOURCE_LINKED;VISUAL_QC_PASS_2026-10-05;SPECIES_LABEL_CONFIRMED_BY_USER_2026-10-05","IMG_20260917_165837358.jpg","Plant_Dataset/Plant_014_Pink_Rain_Lily_Zephyranthes/original/Plant_014_SRC_004_ORG.jpg","Plant_Dataset/Plant_014_Pink_Rain_Lily_Zephyranthes/generated/Plant_014_SRC_004_AUG_002.png","16A8F997553FB77A32AEDDA2D35FCAC58947A41BCEC64E4ED9ED30236F5D079D"
"Plant_015_SRC_001_AUG_001","Plant_015","Ocimum_sanctum","Plant_015_SRC_001","Plant_015_SRC_001","Plant_015_COLLECTION_001","Synthetic","GENERATED_GARDEN_SIDE_ANGLE","Keep","IMAGEGEN_BUILTIN;SOURCE_LINKED;VISUAL_QC_PASS_2026-10-05;SPECIES_LABEL_CONFIRMED_BY_USER_2026-10-05","IMG_20260917_170307619.jpg","Plant_Dataset/Plant_015_Ocimum_sanctum/original/Plant_015_SRC_001_ORG.jpg","Plant_Dataset/Plant_015_Ocimum_sanctum/generated/Plant_015_SRC_001_AUG_001.png","F413B6495CE43892895D36C1BA124A90D57462DF309B563808604A803E71DE9F"
"Plant_015_SRC_001_AUG_002","Plant_015","Ocimum_sanctum","Plant_015_SRC_001","Plant_015_SRC_001","Plant_015_COLLECTION_001","Synthetic","GENERATED_NEUTRAL_BACKGROUND_VIEWPOINT","Keep","IMAGEGEN_BUILTIN;SOURCE_LINKED;VISUAL_QC_PASS_2026-10-05;SPECIES_LABEL_CONFIRMED_BY_USER_2026-10-05","IMG_20260917_170307619.jpg","Plant_Dataset/Plant_015_Ocimum_sanctum/original/Plant_015_SRC_001_ORG.jpg","Plant_Dataset/Plant_015_Ocimum_sanctum/generated/Plant_015_SRC_001_AUG_002.png","BAB1CC907A42B30A8C8158E42478A415E3D577C6FE16795D8D9BBDC0F8F4B9FE"
